{"features":[{"geometry":{"coordinates":[[4.76359,45.59953],[4.76396,45.5967],[4.75273,45.58703],[4.73251,45.58012],[4.72443,45.5807],[4.71904,45.57638],[4.7123,45.5742],[4.70939,45.56935],[4.70287,45.56672],[4.70152,45.56433],[4.69637,45.56275],[4.69515,45.56086],[4.70488,45.56369],[4.72847,45.57666],[4.74464,45.58021],[4.75677,45.58004],[4.76081,45.5828],[4.7662,45.58351],[4.78102,45.57882],[4.78641,45.57558],[4.79629,45.56558],[4.79506,45.56086],[4.80124,45.55973],[4.8174,45.55308],[4.83357,45.54031],[4.85513,45.53566],[4.86137,45.52689],[4.85704,45.52122],[4.85648,45.51696],[4.84974,45.514],[4.84408,45.50895],[4.83088,45.50522],[4.8174,45.49424],[4.80393,45.4909],[4.78727,45.48439],[4.77698,45.47451],[4.77305,45.47305],[4.77024,45.4681],[4.7531,45.45888],[4.74874,45.44375],[4.74005,45.43241],[4.73497,45.41822],[4.72533,45.41349],[4.73352,45.40876],[4.73127,45.40498],[4.74196,45.39173],[4.74143,45.38795],[4.73676,45.38511],[4.74455,45.38416],[4.75054,45.36902],[4.74964,45.36239],[4.75385,45.35482],[4.75003,45.353],[4.74092,45.35387],[4.75418,45.34724],[4.75651,45.33872],[4.75262,45.33209],[4.75971,45.31788],[4.76715,45.31408],[4.76621,45.31029],[4.77563,45.3059],[4.78372,45.30428],[4.78409,45.29892],[4.79039,45.29039],[4.79563,45.26764],[4.79113,45.26194],[4.77434,45.25436],[4.77376,45.25151],[4.77852,45.24961],[4.77514,45.24772],[4.77341,45.24392],[4.77968,45.24322],[4.7912,45.23633],[4.79719,45.23485],[4.79625,45.22779],[4.7996,45.2221],[4.79614,45.21355],[4.79943,45.20976],[4.78911,45.20595],[4.78584,45.20691],[4.78372,45.21071],[4.77815,45.20881],[4.78376,45.20406],[4.78911,45.20233],[4.79585,45.20361],[4.79792,45.20216],[4.79719,45.1944],[4.78911,45.19464],[4.7829,45.19267],[4.79232,45.18982],[4.79214,45.18412],[4.79669,45.18317],[4.80116,45.17747],[4.80086,45.17177],[4.8123,45.15562],[4.81067,45.14958],[4.80528,45.14465],[4.79989,45.14341],[4.80365,45.14041],[4.79558,45.12045],[4.79913,45.11855],[4.80124,45.10809],[4.81067,45.10629],[4.81326,45.10429],[4.81518,45.09953],[4.8112,45.09382],[4.81471,45.09227],[4.81509,45.09002],[4.8081,45.08431],[4.80797,45.07948],[4.7918,45.06995],[4.77968,45.0675],[4.78102,45.06123],[4.77159,45.0597],[4.7681,45.06052],[4.77159,45.0571],[4.77833,45.05851],[4.78162,45.05671],[4.77833,45.05341],[4.77563,45.05229],[4.77216,45.0529],[4.76979,45.051],[4.77159,45.05033],[4.78237,45.05308],[4.7868,45.06052],[4.78507,45.06439],[4.79719,45.06103],[4.80528,45.06186],[4.82279,45.0693],[4.82579,45.06908],[4.82953,45.06639],[4.83128,45.06147],[4.82737,45.051],[4.82549,45.04965],[4.82145,45.05032],[4.81711,45.04814],[4.82176,45.04529],[4.8201,45.04056],[4.82317,45.03862],[4.82569,45.03101],[4.82438,45.02815],[4.82831,45.02529],[4.83308,45.00338],[4.83675,45.00148],[4.83506,44.99957],[4.83594,44.99671],[4.84483,44.991],[4.84673,44.98242],[4.84301,44.98087],[4.83899,44.98147],[4.83918,44.98051],[4.84774,44.97765],[4.849,44.97575],[4.8484,44.97252],[4.84348,44.97193],[4.84191,44.96621],[4.83907,44.96431],[4.84092,44.95573],[4.82814,44.94428],[4.82757,44.94047],[4.83223,44.93738],[4.82325,44.93379],[4.81774,44.92616],[4.81156,44.9252],[4.81193,44.92139],[4.80971,44.91757],[4.81624,44.91662],[4.81813,44.91471],[4.81201,44.91025],[4.80418,44.90039],[4.80663,44.89969],[4.82414,44.90658],[4.82684,44.90586],[4.83337,44.91089],[4.83813,44.92616],[4.84705,44.9405],[4.85109,44.94211],[4.85425,44.93856],[4.85331,44.9252],[4.84994,44.91757],[4.85109,44.90751],[4.84808,44.89753],[4.84084,44.88607],[4.84166,44.88427],[4.8457,44.88523],[4.8469,44.88416],[4.84301,44.87835],[4.83658,44.87844],[4.83627,44.87427],[4.83088,44.87133],[4.82918,44.88321],[4.83047,44.89085],[4.82684,44.89351],[4.82414,44.89304],[4.8152,44.88607],[4.81184,44.8813],[4.8146,44.87844],[4.81616,44.86984],[4.81364,44.86029]],"type":"LineString"},"id":"terrain-contour-00200-0000","properties":{"contour_class":"intermediate","elevation_metres":200,"feature_type":"elevation_contour","representation_label":"Contour derived from the Copernicus DEM surface model; not a vineyard, parcel or legal boundary","representation_type":"derived_spatial_product","source_dataset_id":"spatial-dataset:copernicus-dem-glo30-2022-05-09","source_feature_id":"terrain-contour-00200-0000"},"type":"Feature"},{"geometry":{"coordinates":[[4.88478,45.57786],[4.8788,45.57595],[4.87939,45.56779],[4.88561,45.56935],[4.88299,45.57218],[4.88805,45.57784],[4.88478,45.57786]],"type":"LineString"},"id":"terrain-contour-00200-0001","properties":{"contour_class":"intermediate","elevation_metres":200,"feature_type":"elevation_contour","representation_label":"Contour derived from the Copernicus DEM surface model; not a vineyard, parcel or legal boundary","representation_type":"derived_spatial_product","source_dataset_id":"spatial-dataset:copernicus-dem-glo30-2022-05-09","source_feature_id":"terrain-contour-00200-0001"},"type":"Feature"},{"geometry":{"coordinates":[[4.94002,45.54703],[4.93463,45.54888],[4.92116,45.54475],[4.91577,45.53989],[4.90634,45.5373],[4.89849,45.52783],[4.90364,45.52723],[4.91308,45.52292],[4.93059,45.50977],[4.94002,45.50931]],"type":"LineString"},"id":"terrain-contour-00200-0002","properties":{"contour_class":"intermediate","elevation_metres":200,"feature_type":"elevation_contour","representation_label":"Contour derived from the Copernicus DEM surface model; not a vineyard, parcel or legal boundary","representation_type":"derived_spatial_product","source_dataset_id":"spatial-dataset:copernicus-dem-glo30-2022-05-09","source_feature_id":"terrain-contour-00200-0002"},"type":"Feature"},{"geometry":{"coordinates":[[4.94002,45.51308],[4.92251,45.51868],[4.91454,45.525],[4.91049,45.53066],[4.92655,45.52995],[4.94002,45.537]],"type":"LineString"},"id":"terrain-contour-00200-0003","properties":{"contour_class":"intermediate","elevation_metres":200,"feature_type":"elevation_contour","representation_label":"Contour derived from the Copernicus DEM surface model; not a vineyard, parcel or legal boundary","representation_type":"derived_spatial_product","source_dataset_id":"spatial-dataset:copernicus-dem-glo30-2022-05-09","source_feature_id":"terrain-contour-00200-0003"},"type":"Feature"},{"geometry":{"coordinates":[[4.79171,45.25531],[4.79719,45.25583],[4.79882,45.25436],[4.79898,45.24487],[4.79719,45.24271],[4.7918,45.24339],[4.78468,45.24677],[4.78596,45.25056],[4.79171,45.25531]],"type":"LineString"},"id":"terrain-contour-00200-0004","properties":{"contour_class":"intermediate","elevation_metres":200,"feature_type":"elevation_contour","representation_label":"Contour derived from the Copernicus DEM surface model; not a vineyard, parcel or legal boundary","representation_type":"derived_spatial_product","source_dataset_id":"spatial-dataset:copernicus-dem-glo30-2022-05-09","source_feature_id":"terrain-contour-00200-0004"},"type":"Feature"},{"geometry":{"coordinates":[[4.90499,45.19466],[4.88613,45.18494],[4.87535,45.18438],[4.86322,45.18722],[4.85648,45.18689],[4.84934,45.18032],[4.8563,45.17747],[4.86457,45.16759],[4.87939,45.16521],[4.88343,45.16232],[4.88613,45.16604],[4.88882,45.16631],[4.89152,45.15927],[4.89691,45.16898],[4.90153,45.16892],[4.90065,45.17367],[4.90557,45.18222],[4.90114,45.18697],[4.90876,45.19362],[4.90769,45.19521],[4.90499,45.19466]],"type":"LineString"},"id":"terrain-contour-00200-0005","properties":{"contour_class":"intermediate","elevation_metres":200,"feature_type":"elevation_contour","representation_label":"Contour derived from the Copernicus DEM surface model; not a vineyard, parcel or legal boundary","representation_type":"derived_spatial_product","source_dataset_id":"spatial-dataset:copernicus-dem-glo30-2022-05-09","source_feature_id":"terrain-contour-00200-0005"},"type":"Feature"},{"geometry":{"coordinates":[[4.94002,45.10377],[4.93598,45.10104],[4.93432,45.10809],[4.92386,45.1126],[4.91981,45.10729],[4.91442,45.10815],[4.91208,45.10333],[4.92196,45.09097],[4.9242,45.08431],[4.92342,45.07765],[4.92831,45.07004],[4.92709,45.06337],[4.92386,45.05988],[4.91513,45.06528],[4.91308,45.06911],[4.91038,45.06893],[4.90634,45.06508],[4.89542,45.07194],[4.89271,45.07479],[4.89286,45.07726],[4.89556,45.07832],[4.90224,45.0767],[4.90095,45.08052],[4.89152,45.08224],[4.88613,45.07826],[4.88478,45.08103],[4.88208,45.08099],[4.88462,45.08716],[4.88573,45.10143],[4.89287,45.10524],[4.89461,45.10999],[4.9007,45.1138],[4.90095,45.11751],[4.89825,45.11881],[4.89492,45.11475],[4.89017,45.1136],[4.87825,45.10619],[4.87531,45.09953],[4.87736,45.09097],[4.87535,45.08668],[4.86726,45.08183],[4.86607,45.08336],[4.86823,45.08907],[4.86052,45.08768],[4.85783,45.0909],[4.86061,45.09572],[4.8484,45.09425],[4.83845,45.09858],[4.83638,45.10333],[4.83762,45.11205],[4.83223,45.1128],[4.82886,45.11665],[4.83056,45.12425],[4.82414,45.12526],[4.82273,45.12711],[4.82187,45.13946],[4.8321,45.14897],[4.83492,45.15446],[4.84031,45.15559],[4.84421,45.15847],[4.83896,45.16321],[4.82905,45.16512],[4.82727,45.17177],[4.83627,45.17901],[4.84435,45.17876],[4.84644,45.18032],[4.84435,45.1825],[4.84031,45.18057],[4.83359,45.18127],[4.82684,45.17615],[4.81814,45.18317],[4.81676,45.18602],[4.8198,45.19362],[4.8201,45.20627],[4.82549,45.20985],[4.83357,45.21044],[4.83646,45.2126],[4.84399,45.2202],[4.84513,45.23064],[4.8484,45.23411],[4.85513,45.23654],[4.87265,45.23605],[4.88351,45.24013],[4.86457,45.24597],[4.85379,45.24576],[4.85264,45.24677],[4.85783,45.25214],[4.87265,45.26197],[4.88074,45.2625],[4.89696,45.26858],[4.89556,45.26953],[4.86861,45.26926],[4.86996,45.27131],[4.87407,45.27143],[4.87405,45.27522],[4.87172,45.27807],[4.88208,45.28121],[4.90634,45.2797],[4.92587,45.28375],[4.92831,45.2847],[4.92696,45.28849],[4.92838,45.29418],[4.92318,45.30366],[4.92335,45.30745],[4.90903,45.30973],[4.87065,45.31124],[4.87907,45.31503],[4.87658,45.31882],[4.89421,45.32107],[4.90006,45.32451],[4.8926,45.32451],[4.8909,45.3283],[4.85918,45.32275],[4.84974,45.32333],[4.83673,45.32167],[4.8484,45.32727],[4.85414,45.32735],[4.84974,45.32986],[4.83492,45.32748],[4.8201,45.32157],[4.81835,45.33019],[4.8236,45.33777],[4.82289,45.34156],[4.82677,45.34629],[4.82716,45.35103],[4.84166,45.35934],[4.84392,45.36523],[4.84301,45.36615],[4.83627,45.36118],[4.82684,45.35908],[4.81471,45.35208],[4.81184,45.36428],[4.81776,45.37091],[4.81201,45.37251],[4.80932,45.37117],[4.80393,45.37374],[4.79888,45.38227],[4.78911,45.38692],[4.78322,45.39362],[4.78499,45.39741],[4.78394,45.40025],[4.79203,45.41538],[4.79585,45.4203],[4.80159,45.42295],[4.80258,45.42635],[4.81201,45.42825],[4.83176,45.42579],[4.82279,45.43227],[4.80528,45.43396],[4.7945,45.43189],[4.7771,45.4239],[4.77968,45.43278],[4.78883,45.43903],[4.77698,45.4378],[4.77336,45.44943],[4.78507,45.45554],[4.79108,45.4636],[4.79318,45.47116],[4.80064,45.47683],[4.82414,45.48543],[4.82953,45.48668],[4.83223,45.4857],[4.83266,45.49006],[4.83492,45.49218],[4.83762,45.49228],[4.83896,45.49509],[4.85379,45.49905],[4.85976,45.50328],[4.87669,45.5236],[4.88334,45.52689],[4.87542,45.53161],[4.87683,45.53727],[4.88067,45.54105],[4.87991,45.54671],[4.87535,45.55285],[4.86861,45.55864],[4.87246,45.54765],[4.87859,45.54199],[4.87669,45.54084],[4.86322,45.54624],[4.84705,45.54477],[4.83762,45.54789],[4.83431,45.5552],[4.82021,45.56463],[4.82188,45.57029],[4.80586,45.58256],[4.80252,45.58727],[4.80454,45.58916],[4.79887,45.59481],[4.7996,45.59953]],"type":"LineString"},"id":"terrain-contour-00200-0006","properties":{"contour_class":"intermediate","elevation_metres":200,"feature_type":"elevation_contour","representation_label":"Contour derived from the Copernicus DEM surface model; not a vineyard, parcel or legal boundary","representation_type":"derived_spatial_product","source_dataset_id":"spatial-dataset:copernicus-dem-glo30-2022-05-09","source_feature_id":"terrain-contour-00200-0006"},"type":"Feature"},{"geometry":{"coordinates":[[4.83608,45.09097],[4.83896,45.09091],[4.84918,45.08241],[4.84912,45.07955],[4.84301,45.07641],[4.83357,45.07795],[4.83268,45.08241],[4.83608,45.09097]],"type":"LineString"},"id":"terrain-contour-00200-0007","properties":{"contour_class":"intermediate","elevation_metres":200,"feature_type":"elevation_contour","representation_label":"Contour derived from the Copernicus DEM surface model; not a vineyard, parcel or legal boundary","representation_type":"derived_spatial_product","source_dataset_id":"spatial-dataset:copernicus-dem-glo30-2022-05-09","source_feature_id":"terrain-contour-00200-0007"},"type":"Feature"},{"geometry":{"coordinates":[[4.71096,45.59953],[4.72578,45.59223],[4.72746,45.58821],[4.715,45.58376],[4.70961,45.58638],[4.70422,45.58648],[4.70152,45.58116],[4.68786,45.58067],[4.68966,45.5769],[4.68805,45.57492],[4.67862,45.57725],[4.68349,45.56746],[4.6881,45.56463],[4.684,45.5605],[4.67808,45.56746],[4.67323,45.56798],[4.67067,45.56369],[4.66186,45.5618],[4.66522,45.55048],[4.66245,45.54818],[4.65436,45.55197],[4.65213,45.55143],[4.65167,45.54817],[4.64762,45.54868],[4.64089,45.54714],[4.6328,45.55642],[4.63082,45.5486],[4.6339,45.54199],[4.63145,45.54055],[4.62741,45.54066],[4.62067,45.53463]],"type":"LineString"},"id":"terrain-contour-00300-0000","properties":{"contour_class":"intermediate","elevation_metres":300,"feature_type":"elevation_contour","representation_label":"Contour derived from the Copernicus DEM surface model; not a vineyard, parcel or legal boundary","representation_type":"derived_spatial_product","source_dataset_id":"spatial-dataset:copernicus-dem-glo30-2022-05-09","source_feature_id":"terrain-contour-00300-0000"},"type":"Feature"},{"geometry":{"coordinates":[[4.90138,45.59953],[4.8996,45.59754],[4.89691,45.59765],[4.89421,45.59512],[4.89017,45.59408],[4.88343,45.59597],[4.87265,45.58814],[4.86705,45.5901],[4.86457,45.59345],[4.85819,45.59481],[4.86052,45.59953]],"type":"LineString"},"id":"terrain-contour-00300-0001","properties":{"contour_class":"intermediate","elevation_metres":300,"feature_type":"elevation_contour","representation_label":"Contour derived from the Copernicus DEM surface model; not a vineyard, parcel or legal boundary","representation_type":"derived_spatial_product","source_dataset_id":"spatial-dataset:copernicus-dem-glo30-2022-05-09","source_feature_id":"terrain-contour-00300-0001"},"type":"Feature"},{"geometry":{"coordinates":[[4.73785,45.59199],[4.74195,45.59263],[4.74691,45.5901],[4.74335,45.58727],[4.73925,45.58692],[4.73614,45.5901],[4.73785,45.59199]],"type":"LineString"},"id":"terrain-contour-00300-0002","properties":{"contour_class":"intermediate","elevation_metres":300,"feature_type":"elevation_contour","representation_label":"Contour derived from the Copernicus DEM surface model; not a vineyard, parcel or legal boundary","representation_type":"derived_spatial_product","source_dataset_id":"spatial-dataset:copernicus-dem-glo30-2022-05-09","source_feature_id":"terrain-contour-00300-0002"},"type":"Feature"},{"geometry":{"coordinates":[[4.85188,45.5901],[4.85761,45.5901],[4.86083,45.58633],[4.86016,45.5835],[4.85513,45.57999],[4.84796,45.58444],[4.84851,45.58727],[4.85188,45.5901]],"type":"LineString"},"id":"terrain-contour-00300-0003","properties":{"contour_class":"intermediate","elevation_metres":300,"feature_type":"elevation_contour","representation_label":"Contour derived from the Copernicus DEM surface model; not a vineyard, parcel or legal boundary","representation_type":"derived_spatial_product","source_dataset_id":"spatial-dataset:copernicus-dem-glo30-2022-05-09","source_feature_id":"terrain-contour-00300-0003"},"type":"Feature"},{"geometry":{"coordinates":[[4.92946,45.56275],[4.93136,45.5618],[4.93059,45.56041],[4.92655,45.55964],[4.92386,45.55652],[4.92019,45.55614],[4.91981,45.55329],[4.9117,45.55614],[4.91308,45.55937],[4.92946,45.56275]],"type":"LineString"},"id":"terrain-contour-00300-0004","properties":{"contour_class":"intermediate","elevation_metres":300,"feature_type":"elevation_contour","representation_label":"Contour derived from the Copernicus DEM surface model; not a vineyard, parcel or legal boundary","representation_type":"derived_spatial_product","source_dataset_id":"spatial-dataset:copernicus-dem-glo30-2022-05-09","source_feature_id":"terrain-contour-00300-0004"},"type":"Feature"},{"geometry":{"coordinates":[[4.84162,45.55992],[4.84974,45.55992],[4.85544,45.55709],[4.85454,45.55143],[4.8484,45.54812],[4.84031,45.55142],[4.84162,45.55992]],"type":"LineString"},"id":"terrain-contour-00300-0005","properties":{"contour_class":"intermediate","elevation_metres":300,"feature_type":"elevation_contour","representation_label":"Contour derived from the Copernicus DEM surface model; not a vineyard, parcel or legal boundary","representation_type":"derived_spatial_product","source_dataset_id":"spatial-dataset:copernicus-dem-glo30-2022-05-09","source_feature_id":"terrain-contour-00300-0005"},"type":"Feature"},{"geometry":{"coordinates":[[4.89666,45.55237],[4.9023,45.55073],[4.90517,45.54671],[4.9023,45.54478],[4.89556,45.54368],[4.89458,45.54765],[4.89666,45.55237]],"type":"LineString"},"id":"terrain-contour-00300-0006","properties":{"contour_class":"intermediate","elevation_metres":300,"feature_type":"elevation_contour","representation_label":"Contour derived from the Copernicus DEM surface model; not a vineyard, parcel or legal boundary","representation_type":"derived_spatial_product","source_dataset_id":"spatial-dataset:copernicus-dem-glo30-2022-05-09","source_feature_id":"terrain-contour-00300-0006"},"type":"Feature"},{"geometry":{"coordinates":[[4.62067,45.52359],[4.62741,45.51575],[4.62876,45.52769],[4.63415,45.52866],[4.6355,45.5314],[4.63954,45.53183],[4.64493,45.53551],[4.65032,45.53241],[4.65295,45.53821],[4.6584,45.54005],[4.66514,45.53946],[4.67053,45.53151],[4.67283,45.53066],[4.67172,45.53916],[4.67574,45.54482],[4.68805,45.54821],[4.69092,45.54482],[4.6905,45.54105],[4.69613,45.53583],[4.69625,45.5486],[4.69883,45.55369],[4.70333,45.55426],[4.70158,45.55897],[4.71365,45.56],[4.71769,45.56349],[4.72734,45.5618],[4.72443,45.56792],[4.72847,45.56718],[4.73251,45.57201],[4.74464,45.57625],[4.75812,45.5694],[4.76351,45.57481],[4.78048,45.57218],[4.78324,45.56935],[4.78372,45.5648],[4.78776,45.56525],[4.78952,45.56369],[4.78102,45.55898],[4.77429,45.55297],[4.78911,45.55607],[4.78911,45.55087],[4.79989,45.5534],[4.80429,45.55143],[4.80528,45.54856],[4.81201,45.55102],[4.81591,45.55048],[4.83263,45.53538],[4.84059,45.53444],[4.84974,45.53074],[4.85101,45.52878],[4.84435,45.52573],[4.83923,45.52122],[4.8457,45.52162],[4.84816,45.52028],[4.84301,45.5139],[4.8342,45.50989],[4.82857,45.50895],[4.82279,45.50255],[4.8174,45.50261],[4.8174,45.49839],[4.81356,45.49856],[4.80932,45.50174],[4.80788,45.49762],[4.80528,45.49612],[4.7982,45.49573],[4.79398,45.491],[4.78791,45.49006],[4.78774,45.48817],[4.77563,45.47821],[4.77294,45.47808],[4.76351,45.48289],[4.76739,45.474],[4.7662,45.47119],[4.75035,45.47683],[4.74956,45.474],[4.75768,45.46738],[4.75352,45.46455],[4.7484,45.4636],[4.74636,45.45699],[4.7402,45.45415],[4.7427,45.45037],[4.7415,45.44753],[4.74286,45.4447],[4.73233,45.4343],[4.73229,45.42484],[4.72443,45.42418],[4.72725,45.41917],[4.72173,45.41611],[4.70427,45.42106],[4.70747,45.41633],[4.70422,45.4158],[4.70463,45.41444],[4.72308,45.40794],[4.71317,45.40403],[4.72381,45.3993],[4.72523,45.39362],[4.73024,45.38889],[4.72847,45.38668],[4.72443,45.38777],[4.71678,45.38605],[4.71945,45.38227],[4.70961,45.37974],[4.70937,45.37375],[4.73386,45.38109],[4.74105,45.37754],[4.74522,45.36902],[4.74491,45.36428],[4.74262,45.36144],[4.74566,45.35766],[4.71996,45.35482],[4.72961,45.35198],[4.72982,45.34809],[4.7379,45.34904],[4.74329,45.34729],[4.7442,45.34535],[4.74215,45.34345],[4.75084,45.33872],[4.74403,45.33209],[4.74868,45.3298],[4.75547,45.31977],[4.75346,45.31503],[4.75628,45.31314],[4.75195,45.30935],[4.75138,45.30507],[4.75946,45.30751],[4.7689,45.30598],[4.77294,45.3023],[4.78102,45.30196],[4.77968,45.29921],[4.77307,45.29703],[4.77698,45.29453],[4.78372,45.2947],[4.7862,45.28849],[4.78806,45.27996],[4.78549,45.27617],[4.78961,45.27332],[4.79155,45.26764],[4.78776,45.26364],[4.76545,45.25531],[4.76842,45.24866],[4.76755,45.24176],[4.75905,45.23538],[4.76351,45.23448],[4.77698,45.24002],[4.78208,45.23918],[4.78911,45.23279],[4.79393,45.23254],[4.79122,45.22684],[4.794,45.22115],[4.7909,45.2145],[4.79239,45.21071],[4.79046,45.20923],[4.78911,45.20895],[4.78776,45.21377],[4.77159,45.21245],[4.75677,45.20881],[4.75407,45.20552],[4.74734,45.20333],[4.73117,45.2049],[4.71904,45.21001],[4.71095,45.20934],[4.70691,45.21054],[4.6997,45.21545],[4.69998,45.2202],[4.69074,45.22264],[4.68582,45.2221],[4.68769,45.2202],[4.69468,45.2183],[4.70287,45.20905],[4.72443,45.20323],[4.72551,45.19931],[4.73117,45.19708],[4.74195,45.19953],[4.74868,45.19844],[4.7662,45.20599],[4.77429,45.20544],[4.77698,45.20041],[4.78102,45.20179],[4.78424,45.20026],[4.78444,45.19836],[4.77429,45.19348],[4.7689,45.19406],[4.76081,45.1907],[4.75407,45.19273],[4.74464,45.18939],[4.74315,45.18412],[4.74734,45.18864],[4.76351,45.18747],[4.77968,45.19062],[4.78553,45.18697],[4.77906,45.18222],[4.78724,45.17842],[4.78641,45.17552],[4.79435,45.17367],[4.79526,45.17082],[4.79288,45.16702],[4.79989,45.16635],[4.80765,45.15657],[4.80822,45.15277],[4.80258,45.14683],[4.79719,45.1509],[4.78641,45.15035],[4.78072,45.14707],[4.78237,45.146],[4.78911,45.14793],[4.7945,45.14688],[4.79903,45.13946],[4.79702,45.13471],[4.78978,45.12996],[4.79515,45.12806],[4.79315,45.12333],[4.78379,45.12045],[4.78071,45.1176],[4.79465,45.11665],[4.79731,45.10904],[4.79394,45.10524],[4.7945,45.10311],[4.80597,45.10429],[4.80273,45.10048],[4.80932,45.10026],[4.81033,45.09858],[4.80797,45.09616],[4.78895,45.08907],[4.80611,45.08907],[4.80258,45.0812],[4.78911,45.07209],[4.78372,45.07294],[4.77762,45.07099],[4.77563,45.06316],[4.77159,45.06261],[4.76902,45.06433],[4.77076,45.07194],[4.76448,45.0786],[4.76351,45.08328],[4.75677,45.08322],[4.75413,45.0767],[4.75542,45.06983],[4.74868,45.06893],[4.74599,45.07239],[4.7406,45.07278],[4.73386,45.07752],[4.72861,45.07289],[4.73386,45.06566],[4.73925,45.06373],[4.74024,45.06147],[4.73386,45.05921],[4.72578,45.06062],[4.715,45.05461],[4.70556,45.05232],[4.70152,45.04739],[4.68994,45.04053],[4.67907,45.04053],[4.67188,45.03408],[4.66245,45.03419],[4.65571,45.02753],[4.65032,45.02901],[4.64923,45.02815],[4.65653,45.0272],[4.66379,45.03074],[4.67053,45.02938],[4.67433,45.03005],[4.67993,45.03386],[4.67996,45.03858],[4.68266,45.03821],[4.68535,45.03529],[4.69074,45.03544],[4.69748,45.04183],[4.71904,45.0524],[4.72308,45.05578],[4.73386,45.05819],[4.7406,45.0577],[4.74599,45.05896],[4.74696,45.06337],[4.75407,45.06631],[4.75896,45.06528],[4.76751,45.05576],[4.76322,45.05386],[4.75961,45.0491],[4.7662,45.04923],[4.76703,45.04529],[4.76081,45.04106],[4.75648,45.03481],[4.76216,45.03544],[4.7634,45.03101],[4.75946,45.03041],[4.75524,45.02624],[4.76485,45.02663],[4.76814,45.0291],[4.76845,45.03862],[4.77698,45.04721],[4.78237,45.04978],[4.78911,45.05805],[4.7918,45.05834],[4.7945,45.05584],[4.80124,45.05828],[4.80326,45.05481],[4.80663,45.05396],[4.80932,45.05955],[4.81346,45.06242],[4.8212,45.06337],[4.82414,45.06661],[4.82668,45.06528],[4.82751,45.06242],[4.82414,45.05571],[4.8174,45.05446],[4.81606,45.05187],[4.80932,45.0515],[4.80421,45.04719],[4.80434,45.04529],[4.81201,45.04583],[4.81506,45.04148],[4.7965,45.03005],[4.82014,45.03577],[4.8209,45.03101],[4.8146,45.03101],[4.81606,45.02538],[4.81254,45.02243],[4.81606,45.0206],[4.82279,45.02512],[4.82549,45.02436],[4.82684,45.01914],[4.81762,45.01672],[4.8283,45.01291],[4.82925,45.00529],[4.82568,45.00338],[4.83096,44.99767],[4.82799,44.99385],[4.83492,44.99189],[4.84049,44.98814],[4.84031,44.98611],[4.83467,44.98432],[4.8339,44.98051],[4.83084,44.97765],[4.83838,44.97479],[4.8377,44.97003],[4.83293,44.96526],[4.83688,44.95668],[4.83492,44.95456],[4.83088,44.95546],[4.823,44.95382],[4.82548,44.95096],[4.82361,44.94524],[4.81903,44.94237],[4.81242,44.92997],[4.80258,44.92754],[4.79989,44.92532],[4.79464,44.9252],[4.79315,44.92125],[4.80622,44.92234],[4.80323,44.91757],[4.79795,44.91566],[4.80393,44.91323],[4.80646,44.90994],[4.80379,44.90517],[4.7945,44.90246],[4.78507,44.90653],[4.77589,44.90707],[4.78372,44.9043],[4.7906,44.89848],[4.79671,44.89753],[4.79854,44.89408],[4.81336,44.89541],[4.80932,44.89078],[4.80841,44.88416],[4.80413,44.88226],[4.81076,44.87653],[4.80808,44.87175],[4.81016,44.86698],[4.80565,44.86029]],"type":"LineString"},"id":"terrain-contour-00300-0007","properties":{"contour_class":"intermediate","elevation_metres":300,"feature_type":"elevation_contour","representation_label":"Contour derived from the Copernicus DEM surface model; not a vineyard, parcel or legal boundary","representation_type":"derived_spatial_product","source_dataset_id":"spatial-dataset:copernicus-dem-glo30-2022-05-09","source_feature_id":"terrain-contour-00300-0007"},"type":"Feature"},{"geometry":{"coordinates":[[4.81128,45.47778],[4.81544,45.47683],[4.8157,45.47211],[4.80663,45.46252],[4.78911,45.45079],[4.78869,45.45321],[4.79579,45.46266],[4.79615,45.46738],[4.8009,45.46927],[4.80391,45.47494],[4.81128,45.47778]],"type":"LineString"},"id":"terrain-contour-00300-0008","properties":{"contour_class":"intermediate","elevation_metres":300,"feature_type":"elevation_contour","representation_label":"Contour derived from the Copernicus DEM surface model; not a vineyard, parcel or legal boundary","representation_type":"derived_spatial_product","source_dataset_id":"spatial-dataset:copernicus-dem-glo30-2022-05-09","source_feature_id":"terrain-contour-00300-0008"},"type":"Feature"},{"geometry":{"coordinates":[[4.94002,45.43469],[4.93598,45.43423],[4.93329,45.43591],[4.92925,45.43157],[4.91981,45.43137],[4.91712,45.42846],[4.90499,45.42626],[4.89805,45.43146],[4.89878,45.42484],[4.89691,45.4238],[4.88531,45.42673],[4.88235,45.42957],[4.88208,45.43733],[4.87568,45.45037],[4.87804,45.45294],[4.88613,45.45567],[4.88828,45.45888],[4.86591,45.4564],[4.85648,45.45892],[4.85221,45.46171],[4.84249,45.47778],[4.8457,45.48387],[4.85513,45.48159],[4.85918,45.47711],[4.87329,45.47683],[4.85606,45.48534],[4.85109,45.48622],[4.84941,45.49006],[4.85244,45.49289],[4.85648,45.49371],[4.85762,45.49762],[4.86548,45.50234],[4.86512,45.50517],[4.8713,45.51206],[4.88343,45.51606],[4.90124,45.50612],[4.90234,45.50328],[4.9006,45.49856],[4.90409,45.491],[4.91308,45.48671],[4.91577,45.48858],[4.91812,45.48817],[4.9163,45.48534],[4.92688,45.48439],[4.92827,45.4825],[4.92714,45.48061],[4.93463,45.47493],[4.93463,45.48091],[4.94002,45.47888]],"type":"LineString"},"id":"terrain-contour-00300-0009","properties":{"contour_class":"intermediate","elevation_metres":300,"feature_type":"elevation_contour","representation_label":"Contour derived from the Copernicus DEM surface model; not a vineyard, parcel or legal boundary","representation_type":"derived_spatial_product","source_dataset_id":"spatial-dataset:copernicus-dem-glo30-2022-05-09","source_feature_id":"terrain-contour-00300-0009"},"type":"Feature"},{"geometry":{"coordinates":[[4.94002,45.36911],[4.91442,45.36443],[4.89891,45.35576],[4.88505,45.35198],[4.874,45.34653],[4.86333,45.34724],[4.87535,45.35888],[4.8828,45.36239],[4.88074,45.36349],[4.87535,45.36076],[4.86401,45.36334],[4.86499,45.3728],[4.86726,45.37517],[4.86996,45.37517],[4.87256,45.38038],[4.89556,45.38317],[4.90769,45.38772],[4.91593,45.38795],[4.91397,45.39173],[4.92166,45.39741],[4.91706,45.39741],[4.90769,45.39362],[4.89556,45.39226],[4.86996,45.39262],[4.86678,45.39741],[4.86726,45.40221],[4.87278,45.40403],[4.87438,45.40782],[4.87804,45.41004],[4.88882,45.41342],[4.90634,45.41508],[4.91847,45.4178],[4.93194,45.42241],[4.94002,45.42803]],"type":"LineString"},"id":"terrain-contour-00300-0010","properties":{"contour_class":"intermediate","elevation_metres":300,"feature_type":"elevation_contour","representation_label":"Contour derived from the Copernicus DEM surface model; not a vineyard, parcel or legal boundary","representation_type":"derived_spatial_product","source_dataset_id":"spatial-dataset:copernicus-dem-glo30-2022-05-09","source_feature_id":"terrain-contour-00300-0010"},"type":"Feature"},{"geometry":{"coordinates":[[4.94002,45.26089],[4.92655,45.2561],[4.91779,45.25531],[4.90634,45.25136],[4.89825,45.25087],[4.88882,45.24774],[4.88547,45.24772],[4.88208,45.2502],[4.87265,45.24767],[4.87016,45.24866],[4.87289,45.25151],[4.88343,45.25586],[4.9023,45.25798],[4.9252,45.26359],[4.94002,45.26998]],"type":"LineString"},"id":"terrain-contour-00300-0011","properties":{"contour_class":"intermediate","elevation_metres":300,"feature_type":"elevation_contour","representation_label":"Contour derived from the Copernicus DEM surface model; not a vineyard, parcel or legal boundary","representation_type":"derived_spatial_product","source_dataset_id":"spatial-dataset:copernicus-dem-glo30-2022-05-09","source_feature_id":"terrain-contour-00300-0011"},"type":"Feature"},{"geometry":{"coordinates":[[4.79433,45.25246],[4.7961,45.25056],[4.7945,45.24511],[4.79017,45.24772],[4.79433,45.25246]],"type":"LineString"},"id":"terrain-contour-00300-0012","properties":{"contour_class":"intermediate","elevation_metres":300,"feature_type":"elevation_contour","representation_label":"Contour derived from the Copernicus DEM surface model; not a vineyard, parcel or legal boundary","representation_type":"derived_spatial_product","source_dataset_id":"spatial-dataset:copernicus-dem-glo30-2022-05-09","source_feature_id":"terrain-contour-00300-0012"},"type":"Feature"},{"geometry":{"coordinates":[[4.94002,45.22437],[4.93463,45.22238],[4.92925,45.22283],[4.9272,45.21925],[4.91712,45.21361],[4.91125,45.22399],[4.90634,45.21816],[4.90091,45.21545],[4.89556,45.20396],[4.88747,45.20438],[4.88208,45.20072],[4.874,45.20567],[4.86449,45.19741],[4.85109,45.1943],[4.84702,45.19172],[4.84504,45.18982],[4.84515,45.18602],[4.84031,45.18639],[4.82684,45.18107],[4.82414,45.18492],[4.82131,45.18602],[4.82496,45.19551],[4.82319,45.19931],[4.82414,45.20294],[4.82818,45.20466],[4.83896,45.20248],[4.84766,45.21166],[4.85648,45.21631],[4.86322,45.21284],[4.86602,45.21545],[4.86244,45.2221],[4.86322,45.22367],[4.87804,45.21892],[4.88478,45.2199],[4.8855,45.22115],[4.88119,45.22684],[4.88882,45.22779],[4.89152,45.23333],[4.9023,45.23198],[4.9043,45.23443],[4.90383,45.23823],[4.90634,45.23986],[4.92251,45.24601],[4.93194,45.24456],[4.93323,45.24772],[4.94002,45.25175]],"type":"LineString"},"id":"terrain-contour-00300-0013","properties":{"contour_class":"intermediate","elevation_metres":300,"feature_type":"elevation_contour","representation_label":"Contour derived from the Copernicus DEM surface model; not a vineyard, parcel or legal boundary","representation_type":"derived_spatial_product","source_dataset_id":"spatial-dataset:copernicus-dem-glo30-2022-05-09","source_feature_id":"terrain-contour-00300-0013"},"type":"Feature"},{"geometry":{"coordinates":[[4.94002,45.18895],[4.93598,45.18604],[4.93224,45.18887],[4.93682,45.19836],[4.93708,45.20311],[4.94002,45.20431]],"type":"LineString"},"id":"terrain-contour-00300-0014","properties":{"contour_class":"intermediate","elevation_metres":300,"feature_type":"elevation_contour","representation_label":"Contour derived from the Copernicus DEM surface model; not a vineyard, parcel or legal boundary","representation_type":"derived_spatial_product","source_dataset_id":"spatial-dataset:copernicus-dem-glo30-2022-05-09","source_feature_id":"terrain-contour-00300-0014"},"type":"Feature"},{"geometry":{"coordinates":[[4.83769,45.17652],[4.84705,45.17602],[4.84974,45.17411],[4.85379,45.17401],[4.85611,45.16702],[4.85379,45.1626],[4.84785,45.16227],[4.84166,45.16613],[4.83223,45.16748],[4.83178,45.17177],[4.83357,45.17463],[4.83769,45.17652]],"type":"LineString"},"id":"terrain-contour-00300-0015","properties":{"contour_class":"intermediate","elevation_metres":300,"feature_type":"elevation_contour","representation_label":"Contour derived from the Copernicus DEM surface model; not a vineyard, parcel or legal boundary","representation_type":"derived_spatial_product","source_dataset_id":"spatial-dataset:copernicus-dem-glo30-2022-05-09","source_feature_id":"terrain-contour-00300-0015"},"type":"Feature"},{"geometry":{"coordinates":[[4.84693,45.15087],[4.84855,45.14992],[4.84914,45.14327],[4.85238,45.14232],[4.8511,45.13851],[4.85266,45.13376],[4.85513,45.13308],[4.85918,45.13523],[4.86187,45.13298],[4.86861,45.14121],[4.87217,45.13756],[4.87055,45.13376],[4.87535,45.1309],[4.87625,45.1252],[4.88034,45.12235],[4.87669,45.11482],[4.874,45.11724],[4.86861,45.11566],[4.86457,45.12253],[4.86246,45.11855],[4.86217,45.11094],[4.85613,45.10619],[4.85109,45.10457],[4.84705,45.09946],[4.84166,45.10024],[4.84041,45.10238],[4.84166,45.11308],[4.84939,45.12045],[4.84892,45.12235],[4.84705,45.12367],[4.84301,45.12051],[4.83627,45.11992],[4.83588,45.12616],[4.8394,45.13281],[4.83762,45.13313],[4.83223,45.12906],[4.82684,45.12881],[4.82435,45.13756],[4.82738,45.14136],[4.83491,45.14232],[4.83762,45.15062],[4.84693,45.15087]],"type":"LineString"},"id":"terrain-contour-00300-0016","properties":{"contour_class":"intermediate","elevation_metres":300,"feature_type":"elevation_contour","representation_label":"Contour derived from the Copernicus DEM surface model; not a vineyard, parcel or legal boundary","representation_type":"derived_spatial_product","source_dataset_id":"spatial-dataset:copernicus-dem-glo30-2022-05-09","source_feature_id":"terrain-contour-00300-0016"},"type":"Feature"},{"geometry":{"coordinates":[[4.94002,45.14635],[4.93424,45.15372],[4.94002,45.16226]],"type":"LineString"},"id":"terrain-contour-00300-0017","properties":{"contour_class":"intermediate","elevation_metres":300,"feature_type":"elevation_contour","representation_label":"Contour derived from the Copernicus DEM surface model; not a vineyard, parcel or legal boundary","representation_type":"derived_spatial_product","source_dataset_id":"spatial-dataset:copernicus-dem-glo30-2022-05-09","source_feature_id":"terrain-contour-00300-0017"},"type":"Feature"},{"geometry":{"coordinates":[[4.84925,44.93761],[4.85109,44.93821],[4.85172,44.93665],[4.85092,44.9252],[4.8484,44.9214],[4.84435,44.91951],[4.84363,44.92234],[4.84925,44.93761]],"type":"LineString"},"id":"terrain-contour-00300-0018","properties":{"contour_class":"intermediate","elevation_metres":300,"feature_type":"elevation_contour","representation_label":"Contour derived from the Copernicus DEM surface model; not a vineyard, parcel or legal boundary","representation_type":"derived_spatial_product","source_dataset_id":"spatial-dataset:copernicus-dem-glo30-2022-05-09","source_feature_id":"terrain-contour-00300-0018"},"type":"Feature"},{"geometry":{"coordinates":[[4.63965,45.59953],[4.63162,45.59481],[4.64772,45.58821],[4.64074,45.58256],[4.63992,45.57595],[4.6328,45.57341],[4.62067,45.57482]],"type":"LineString"},"id":"terrain-contour-00400-0000","properties":{"contour_class":"intermediate","elevation_metres":400,"feature_type":"elevation_contour","representation_label":"Contour derived from the Copernicus DEM surface model; not a vineyard, parcel or legal boundary","representation_type":"derived_spatial_product","source_dataset_id":"spatial-dataset:copernicus-dem-glo30-2022-05-09","source_feature_id":"terrain-contour-00400-0000"},"type":"Feature"},{"geometry":{"coordinates":[[4.62067,45.50624],[4.62632,45.50139],[4.62144,45.49478],[4.62119,45.491],[4.62876,45.48491],[4.6328,45.48374],[4.63424,45.48817],[4.62916,45.49006],[4.62759,45.49384],[4.6355,45.50301],[4.63988,45.50517],[4.63312,45.508],[4.63641,45.5165],[4.64493,45.52171],[4.65436,45.52146],[4.65975,45.52466],[4.67178,45.52028],[4.67297,45.51839],[4.66863,45.51084],[4.67358,45.51084],[4.67727,45.50491],[4.68016,45.50612],[4.67996,45.51227],[4.684,45.51633],[4.69209,45.50832],[4.69883,45.51303],[4.70017,45.51741],[4.72039,45.51746],[4.72866,45.52311],[4.73109,45.52689],[4.73447,45.52783],[4.73521,45.53623],[4.72712,45.53451],[4.72159,45.53633],[4.722,45.54199],[4.71759,45.54388],[4.72308,45.54663],[4.72982,45.54506],[4.74329,45.55222],[4.75138,45.55127],[4.75677,45.55258],[4.74804,45.54105],[4.76081,45.54488],[4.76979,45.54388],[4.76261,45.53727],[4.76755,45.52833],[4.77429,45.52953],[4.78911,45.53943],[4.7918,45.53938],[4.79315,45.53382],[4.79719,45.53407],[4.80663,45.53693],[4.81471,45.54393],[4.81744,45.54388],[4.81336,45.53066],[4.80528,45.52679],[4.80458,45.52311],[4.79148,45.51556],[4.78372,45.50854],[4.77968,45.50972],[4.77698,45.51401],[4.77378,45.50895],[4.77024,45.50807],[4.76485,45.51364],[4.75946,45.51477],[4.75812,45.5134],[4.75407,45.51683],[4.74868,45.51046],[4.7379,45.50813],[4.72488,45.51273],[4.72789,45.50706],[4.72621,45.50423],[4.72927,45.50234],[4.72967,45.4995],[4.73699,45.49762],[4.7382,45.49195],[4.73202,45.49006],[4.73313,45.48628],[4.72853,45.48345],[4.73021,45.47778],[4.72655,45.47305],[4.71967,45.47022],[4.72118,45.46738],[4.72039,45.46162],[4.70961,45.46082],[4.70423,45.45699],[4.70937,45.45132],[4.70854,45.44659],[4.71769,45.4454],[4.71794,45.43714],[4.715,45.43535],[4.70961,45.43495],[4.70691,45.43143],[4.69613,45.42819],[4.68805,45.4273],[4.684,45.42894],[4.68083,45.42768],[4.68595,45.42011],[4.68265,45.41538],[4.69207,45.41349],[4.68768,45.40498],[4.6912,45.40025],[4.69034,45.39646],[4.693,45.38889],[4.68805,45.38428],[4.68506,45.37848],[4.68378,45.36902],[4.6858,45.36239],[4.6839,45.35482],[4.67727,45.35058],[4.66918,45.3482],[4.67098,45.3444],[4.66716,45.34156],[4.67053,45.34135],[4.68266,45.34523],[4.68503,45.3444],[4.68179,45.33966],[4.684,45.33893],[4.71095,45.34514],[4.71305,45.34345],[4.713,45.34061],[4.70895,45.3283],[4.70533,45.32356],[4.715,45.3241],[4.71946,45.32167],[4.72712,45.32346],[4.73011,45.32261],[4.72433,45.30556],[4.73005,45.29513],[4.71983,45.28755],[4.72578,45.28089],[4.72982,45.28061],[4.73521,45.28243],[4.7377,45.27996],[4.7359,45.27617],[4.7264,45.27238],[4.72578,45.27021],[4.72052,45.26764],[4.71727,45.26384],[4.72463,45.25436],[4.72945,45.25151],[4.72937,45.24961],[4.71769,45.25163],[4.7128,45.24772],[4.71878,45.24013],[4.71778,45.23728],[4.71365,45.23803],[4.69748,45.23517],[4.69496,45.23823],[4.69613,45.24546],[4.68939,45.24719],[4.68266,45.24446],[4.68162,45.24677],[4.68328,45.25436],[4.68954,45.26005],[4.68932,45.26194],[4.6867,45.26456],[4.68266,45.261],[4.67996,45.26089],[4.67053,45.26639],[4.66905,45.26574],[4.67122,45.26005],[4.6786,45.25625],[4.67457,45.25253],[4.66918,45.25194],[4.66368,45.24772],[4.66259,45.24202],[4.65706,45.24361],[4.65032,45.24249],[4.63819,45.23597],[4.62399,45.23823],[4.63011,45.23538],[4.63954,45.23393],[4.65436,45.23857],[4.66602,45.23159],[4.66514,45.22145],[4.65988,45.21735],[4.66569,45.21166],[4.65975,45.19405],[4.67188,45.19822],[4.67727,45.20197],[4.6867,45.20326],[4.68894,45.20216],[4.684,45.19108],[4.67755,45.18507],[4.67956,45.18127],[4.67662,45.17557],[4.69074,45.17654],[4.69458,45.17557],[4.6978,45.16987],[4.69681,45.16702],[4.70372,45.16417],[4.70055,45.16132],[4.68131,45.15569],[4.6739,45.15657],[4.67592,45.1529],[4.68573,45.15277],[4.68535,45.14667],[4.69074,45.15193],[4.71365,45.15848],[4.71885,45.16227],[4.72443,45.16275],[4.73251,45.16755],[4.7406,45.16864],[4.74464,45.17149],[4.74868,45.17019],[4.75542,45.17421],[4.76376,45.17557],[4.7683,45.17082],[4.76559,45.16607],[4.7689,45.16261],[4.76705,45.15752],[4.76918,45.15467],[4.76904,45.14897],[4.76081,45.14597],[4.75407,45.14597],[4.74868,45.14891],[4.74734,45.15456],[4.7379,45.15165],[4.73386,45.15207],[4.73287,45.14422],[4.73925,45.14572],[4.74734,45.13722],[4.75407,45.14058],[4.756,45.14041],[4.75812,45.13686],[4.76216,45.13721],[4.76755,45.1348],[4.77159,45.13588],[4.77698,45.13509],[4.78237,45.13789],[4.77725,45.13186],[4.77743,45.12711],[4.77159,45.12155],[4.76081,45.12073],[4.7576,45.11855],[4.76485,45.11736],[4.7689,45.11499],[4.78372,45.11311],[4.78552,45.10619],[4.77917,45.10333],[4.78023,45.10048],[4.77843,45.09858],[4.77294,45.09854],[4.77278,45.09477],[4.76846,45.09287],[4.76485,45.0884],[4.75812,45.08757],[4.7562,45.09668],[4.75248,45.09763],[4.75273,45.09252],[4.74712,45.09002],[4.74903,45.08716],[4.74718,45.08431],[4.75124,45.0805],[4.74599,45.07558],[4.74329,45.07522],[4.73822,45.07765],[4.737,45.08526],[4.73117,45.09345],[4.72994,45.08526],[4.72308,45.08734],[4.72694,45.07955],[4.72578,45.07898],[4.70826,45.07559],[4.70301,45.07765],[4.70017,45.08153],[4.68535,45.07411],[4.67592,45.07345],[4.67053,45.07621],[4.6646,45.07479],[4.66784,45.07252],[4.68266,45.07076],[4.69344,45.072],[4.70556,45.06804],[4.71365,45.0688],[4.72443,45.07228],[4.72926,45.06528],[4.72712,45.0643],[4.72173,45.06594],[4.71965,45.06147],[4.71365,45.05916],[4.70961,45.05975],[4.70422,45.06329],[4.69613,45.0625],[4.69209,45.05898],[4.68085,45.05766],[4.684,45.05481],[4.69471,45.051],[4.6929,45.04624],[4.6867,45.044],[4.67323,45.04213],[4.66784,45.04572],[4.66514,45.04316],[4.65728,45.04148],[4.65837,45.03862],[4.65666,45.03672],[4.63954,45.03168],[4.64065,45.02815],[4.63684,45.02481],[4.62741,45.03051],[4.62067,45.02576]],"type":"LineString"},"id":"terrain-contour-00400-0001","properties":{"contour_class":"intermediate","elevation_metres":400,"feature_type":"elevation_contour","representation_label":"Contour derived from the Copernicus DEM surface model; not a vineyard, parcel or legal boundary","representation_type":"derived_spatial_product","source_dataset_id":"spatial-dataset:copernicus-dem-glo30-2022-05-09","source_feature_id":"terrain-contour-00400-0001"},"type":"Feature"},{"geometry":{"coordinates":[[4.89386,45.49289],[4.8944,45.48628],[4.88613,45.48359],[4.88196,45.48439],[4.88118,45.48534],[4.88585,45.49006],[4.88882,45.49108],[4.89152,45.48988],[4.89386,45.49289]],"type":"LineString"},"id":"terrain-contour-00400-0002","properties":{"contour_class":"intermediate","elevation_metres":400,"feature_type":"elevation_contour","representation_label":"Contour derived from the Copernicus DEM surface model; not a vineyard, parcel or legal boundary","representation_type":"derived_spatial_product","source_dataset_id":"spatial-dataset:copernicus-dem-glo30-2022-05-09","source_feature_id":"terrain-contour-00400-0002"},"type":"Feature"},{"geometry":{"coordinates":[[4.90124,45.47967],[4.90848,45.47683],[4.9023,45.47523],[4.90124,45.47967]],"type":"LineString"},"id":"terrain-contour-00400-0003","properties":{"contour_class":"intermediate","elevation_metres":400,"feature_type":"elevation_contour","representation_label":"Contour derived from the Copernicus DEM surface model; not a vineyard, parcel or legal boundary","representation_type":"derived_spatial_product","source_dataset_id":"spatial-dataset:copernicus-dem-glo30-2022-05-09","source_feature_id":"terrain-contour-00400-0003"},"type":"Feature"},{"geometry":{"coordinates":[[4.94002,45.45848],[4.93329,45.45457],[4.92655,45.45454],[4.9252,45.44996],[4.91981,45.44879],[4.91712,45.44613],[4.91243,45.44564],[4.91431,45.44848],[4.91308,45.44967],[4.90499,45.44926],[4.90164,45.45037],[4.9023,45.45173],[4.90634,45.45139],[4.91038,45.45314],[4.91636,45.45793],[4.9185,45.46266],[4.93329,45.46509],[4.93733,45.4626],[4.94002,45.46329]],"type":"LineString"},"id":"terrain-contour-00400-0004","properties":{"contour_class":"intermediate","elevation_metres":400,"feature_type":"elevation_contour","representation_label":"Contour derived from the Copernicus DEM surface model; not a vineyard, parcel or legal boundary","representation_type":"derived_spatial_product","source_dataset_id":"spatial-dataset:copernicus-dem-glo30-2022-05-09","source_feature_id":"terrain-contour-00400-0004"},"type":"Feature"},{"geometry":{"coordinates":[[4.94002,45.41257],[4.93194,45.41022],[4.93059,45.41401],[4.92508,45.41444],[4.9279,45.41527],[4.93598,45.41396],[4.94002,45.41531]],"type":"LineString"},"id":"terrain-contour-00400-0005","properties":{"contour_class":"intermediate","elevation_metres":400,"feature_type":"elevation_contour","representation_label":"Contour derived from the Copernicus DEM surface model; not a vineyard, parcel or legal boundary","representation_type":"derived_spatial_product","source_dataset_id":"spatial-dataset:copernicus-dem-glo30-2022-05-09","source_feature_id":"terrain-contour-00400-0005"},"type":"Feature"},{"geometry":{"coordinates":[[4.91286,45.3747],[4.91554,45.37375],[4.91038,45.37302],[4.90423,45.36996],[4.90419,45.37375],[4.91286,45.3747]],"type":"LineString"},"id":"terrain-contour-00400-0006","properties":{"contour_class":"intermediate","elevation_metres":400,"feature_type":"elevation_contour","representation_label":"Contour derived from the Copernicus DEM surface model; not a vineyard, parcel or legal boundary","representation_type":"derived_spatial_product","source_dataset_id":"spatial-dataset:copernicus-dem-glo30-2022-05-09","source_feature_id":"terrain-contour-00400-0006"},"type":"Feature"},{"geometry":{"coordinates":[[4.72345,45.37186],[4.72592,45.37186],[4.72853,45.36807],[4.72842,45.36428],[4.72578,45.36252],[4.71705,45.36712],[4.72345,45.37186]],"type":"LineString"},"id":"terrain-contour-00400-0007","properties":{"contour_class":"intermediate","elevation_metres":400,"feature_type":"elevation_contour","representation_label":"Contour derived from the Copernicus DEM surface model; not a vineyard, parcel or legal boundary","representation_type":"derived_spatial_product","source_dataset_id":"spatial-dataset:copernicus-dem-glo30-2022-05-09","source_feature_id":"terrain-contour-00400-0007"},"type":"Feature"},{"geometry":{"coordinates":[[4.68905,45.35387],[4.69478,45.35312],[4.69535,45.35008],[4.68939,45.34926],[4.68905,45.35387]],"type":"LineString"},"id":"terrain-contour-00400-0008","properties":{"contour_class":"intermediate","elevation_metres":400,"feature_type":"elevation_contour","representation_label":"Contour derived from the Copernicus DEM surface model; not a vineyard, parcel or legal boundary","representation_type":"derived_spatial_product","source_dataset_id":"spatial-dataset:copernicus-dem-glo30-2022-05-09","source_feature_id":"terrain-contour-00400-0008"},"type":"Feature"},{"geometry":{"coordinates":[[4.70652,45.17462],[4.71095,45.17543],[4.71394,45.17367],[4.70691,45.16902],[4.70287,45.16909],[4.70192,45.17082],[4.70652,45.17462]],"type":"LineString"},"id":"terrain-contour-00400-0009","properties":{"contour_class":"intermediate","elevation_metres":400,"feature_type":"elevation_contour","representation_label":"Contour derived from the Copernicus DEM surface model; not a vineyard, parcel or legal boundary","representation_type":"derived_spatial_product","source_dataset_id":"spatial-dataset:copernicus-dem-glo30-2022-05-09","source_feature_id":"terrain-contour-00400-0009"},"type":"Feature"},{"geometry":{"coordinates":[[4.62067,45.00421],[4.62405,45.00624],[4.6245,45.011],[4.62876,45.01307],[4.63011,45.01613],[4.63684,45.01583],[4.64493,45.02084],[4.65031,45.01767],[4.65571,45.01817],[4.6611,45.02078],[4.66649,45.02099],[4.67226,45.02624],[4.67862,45.02905],[4.68266,45.02783],[4.68535,45.03158],[4.69074,45.02928],[4.69478,45.03036],[4.6958,45.03481],[4.70017,45.03735],[4.70217,45.04148],[4.70556,45.04293],[4.70961,45.04177],[4.71288,45.04624],[4.72308,45.04983],[4.72578,45.05373],[4.73521,45.05485],[4.7406,45.05336],[4.74464,45.05623],[4.75003,45.05758],[4.75098,45.06242],[4.75407,45.06317],[4.75733,45.05386],[4.75542,45.05224],[4.75138,45.053],[4.74959,45.051],[4.75349,45.04719],[4.75001,45.04243],[4.7526,45.04053],[4.7519,45.03767],[4.7345,45.02243],[4.73605,45.01577],[4.72982,45.01686],[4.72153,45.01386],[4.73251,45.0142],[4.7379,45.01198],[4.74329,45.01702],[4.75003,45.01937],[4.75104,45.01767],[4.74891,45.01386],[4.7379,45.00979],[4.73626,45.00719],[4.7406,45.00709],[4.74654,45.00243],[4.74492,44.99576],[4.74938,44.98909],[4.74536,44.98337],[4.74599,44.98158],[4.75003,44.98464],[4.75542,44.98348],[4.75968,44.98623],[4.75946,44.99673],[4.76351,44.99913],[4.77155,44.99957],[4.7662,45.00179],[4.75649,45.00243],[4.75946,45.00959],[4.76351,45.00682],[4.76695,45.0091],[4.76797,45.01577],[4.77119,45.01672],[4.77357,45.02053],[4.76869,45.02529],[4.7719,45.03672],[4.78641,45.04911],[4.79046,45.04698],[4.79315,45.04967],[4.79669,45.0491],[4.79517,45.03958],[4.80099,45.03862],[4.79046,45.02926],[4.78253,45.02624],[4.78211,45.02339],[4.7945,45.02451],[4.79625,45.01958],[4.80932,45.01773],[4.80279,45.00338],[4.80393,45.0004],[4.81336,45.00827],[4.81565,45.00719],[4.81284,45.00243],[4.8192,44.99576],[4.81444,44.99195],[4.81875,44.988],[4.82279,44.98859],[4.82527,44.98718],[4.81969,44.98242],[4.82515,44.97956],[4.82279,44.97734],[4.81298,44.97384],[4.8238,44.97193],[4.82145,44.96386],[4.82706,44.96145],[4.82549,44.95923],[4.81686,44.95668],[4.81672,44.95],[4.80858,44.94142],[4.812,44.93856],[4.80932,44.93379],[4.80393,44.93039],[4.79585,44.92938],[4.7918,44.93361],[4.78641,44.93357],[4.78237,44.93545],[4.77996,44.93284],[4.78714,44.92902],[4.78747,44.92425],[4.78372,44.92338],[4.77084,44.9252],[4.77698,44.92023],[4.78758,44.91757],[4.78776,44.91157],[4.79283,44.91185],[4.79494,44.90994],[4.79992,44.90898],[4.80005,44.90707],[4.79315,44.9057],[4.78641,44.90992],[4.77294,44.91089],[4.7689,44.91523],[4.76216,44.91787],[4.76078,44.91757],[4.7668,44.90803],[4.75677,44.90719],[4.75093,44.90421],[4.76351,44.90177],[4.77024,44.90342],[4.7818,44.9023],[4.78455,44.89562],[4.78266,44.89371],[4.7871,44.88798],[4.78237,44.88583],[4.77563,44.88764],[4.76998,44.88607],[4.78102,44.88345],[4.77833,44.87921],[4.7945,44.88551],[4.79574,44.88226],[4.79989,44.88178],[4.80617,44.87653],[4.80528,44.8751],[4.80124,44.87636],[4.79693,44.87557],[4.80521,44.86793],[4.80047,44.86698],[4.80258,44.86244],[4.79585,44.86082],[4.79046,44.86424],[4.78588,44.86411],[4.77563,44.87411],[4.7715,44.87462],[4.77502,44.86984],[4.77271,44.86507],[4.77897,44.86029]],"type":"LineString"},"id":"terrain-contour-00400-0010","properties":{"contour_class":"intermediate","elevation_metres":400,"feature_type":"elevation_contour","representation_label":"Contour derived from the Copernicus DEM surface model; not a vineyard, parcel or legal boundary","representation_type":"derived_spatial_product","source_dataset_id":"spatial-dataset:copernicus-dem-glo30-2022-05-09","source_feature_id":"terrain-contour-00400-0010"},"type":"Feature"},{"geometry":{"coordinates":[[4.7497,45.53349],[4.75562,45.53066],[4.75618,45.52783],[4.74464,45.52269],[4.74267,45.52783],[4.7497,45.53349]],"type":"LineString"},"id":"terrain-contour-00500-0000","properties":{"contour_class":"index","elevation_metres":500,"feature_type":"elevation_contour","representation_label":"Contour derived from the Copernicus DEM surface model; not a vineyard, parcel or legal boundary","representation_type":"derived_spatial_product","source_dataset_id":"spatial-dataset:copernicus-dem-glo30-2022-05-09","source_feature_id":"terrain-contour-00500-0000"},"type":"Feature"},{"geometry":{"coordinates":[[4.78467,45.52878],[4.78641,45.52952],[4.79046,45.52751],[4.79585,45.52719],[4.79532,45.52406],[4.7918,45.52222],[4.78666,45.52217],[4.78344,45.52689],[4.78467,45.52878]],"type":"LineString"},"id":"terrain-contour-00500-0001","properties":{"contour_class":"index","elevation_metres":500,"feature_type":"elevation_contour","representation_label":"Contour derived from the Copernicus DEM surface model; not a vineyard, parcel or legal boundary","representation_type":"derived_spatial_product","source_dataset_id":"spatial-dataset:copernicus-dem-glo30-2022-05-09","source_feature_id":"terrain-contour-00500-0001"},"type":"Feature"},{"geometry":{"coordinates":[[4.62067,45.48502],[4.62372,45.4825],[4.62606,45.47548],[4.63007,45.47305],[4.63017,45.46833],[4.6328,45.46843],[4.6355,45.47077],[4.637,45.474],[4.63534,45.47683],[4.63684,45.47786],[4.64358,45.47251],[4.64897,45.4737],[4.65571,45.47085],[4.65706,45.47153],[4.65746,45.47494],[4.65367,45.47872],[4.65746,45.48345],[4.66379,45.4855],[4.66322,45.48722],[4.65301,45.48858],[4.64897,45.48442],[4.64493,45.4844],[4.6407,45.48817],[4.6419,45.49195],[4.63515,45.49478],[4.63899,45.4995],[4.64702,45.50234],[4.64648,45.50706],[4.64157,45.50989],[4.64126,45.51178],[4.65032,45.5176],[4.65571,45.51646],[4.6611,45.5173],[4.66143,45.51367],[4.65733,45.50989],[4.6591,45.50423],[4.66646,45.49856],[4.66649,45.49473],[4.68266,45.49763],[4.68805,45.50104],[4.69478,45.49803],[4.69883,45.49934],[4.70287,45.49838],[4.70533,45.50517],[4.71365,45.51151],[4.7166,45.51084],[4.71586,45.50423],[4.71796,45.49856],[4.71447,45.49478],[4.71927,45.48817],[4.71829,45.47967],[4.70812,45.474],[4.70644,45.47022],[4.70739,45.46644],[4.69613,45.46178],[4.68939,45.46075],[4.68805,45.45286],[4.69074,45.45072],[4.69645,45.44943],[4.69214,45.44092],[4.684,45.43717],[4.68147,45.43808],[4.68043,45.44186],[4.67862,45.44178],[4.67053,45.4372],[4.6611,45.43557],[4.65995,45.4343],[4.66632,45.42673],[4.66515,45.42201],[4.67009,45.41917],[4.66918,45.41788],[4.66379,45.41763],[4.66381,45.41633],[4.66962,45.41065],[4.67665,45.40876],[4.67588,45.40592],[4.67894,45.3993],[4.67253,45.39362],[4.67126,45.38984],[4.67727,45.387],[4.67522,45.38132],[4.67553,45.37186],[4.66466,45.36239],[4.65879,45.35387],[4.64672,45.34724],[4.64607,45.33966],[4.64853,45.33493],[4.6353,45.32451],[4.63954,45.32446],[4.64493,45.32749],[4.66514,45.33409],[4.66634,45.33303],[4.66262,45.32735],[4.66918,45.32475],[4.6867,45.33002],[4.69883,45.33662],[4.70179,45.33682],[4.70285,45.33493],[4.69748,45.32859],[4.69092,45.31408],[4.69478,45.31265],[4.70287,45.31566],[4.71904,45.31554],[4.72104,45.31408],[4.71949,45.31029],[4.7123,45.3097],[4.71056,45.3084],[4.71754,45.30366],[4.71814,45.30082],[4.71252,45.29797],[4.71068,45.29229],[4.70193,45.2847],[4.70546,45.27712],[4.70287,45.27348],[4.69808,45.2847],[4.69074,45.28793],[4.68266,45.28282],[4.67323,45.28063],[4.66784,45.27573],[4.66379,45.27465],[4.65816,45.27807],[4.66032,45.29323],[4.65794,45.29323],[4.65239,45.2847],[4.64897,45.28239],[4.64109,45.2866],[4.64427,45.29418],[4.64223,45.29713],[4.64074,45.29703],[4.64005,45.29323],[4.63415,45.28872],[4.62741,45.29659],[4.62606,45.29718],[4.62067,45.29475]],"type":"LineString"},"id":"terrain-contour-00500-0002","properties":{"contour_class":"index","elevation_metres":500,"feature_type":"elevation_contour","representation_label":"Contour derived from the Copernicus DEM surface model; not a vineyard, parcel or legal boundary","representation_type":"derived_spatial_product","source_dataset_id":"spatial-dataset:copernicus-dem-glo30-2022-05-09","source_feature_id":"terrain-contour-00500-0002"},"type":"Feature"},{"geometry":{"coordinates":[[4.62067,45.27982],[4.62472,45.28186],[4.63011,45.28117],[4.63782,45.27617],[4.63968,45.27238],[4.63373,45.26669],[4.63415,45.26523],[4.63819,45.26182],[4.64358,45.26293],[4.64796,45.26574],[4.65032,45.26129],[4.65531,45.26005],[4.65689,45.2572],[4.65412,45.25246],[4.64089,45.24317],[4.63819,45.24346],[4.63595,45.24677],[4.62741,45.24425],[4.62472,45.25067],[4.62067,45.24463]],"type":"LineString"},"id":"terrain-contour-00500-0003","properties":{"contour_class":"index","elevation_metres":500,"feature_type":"elevation_contour","representation_label":"Contour derived from the Copernicus DEM surface model; not a vineyard, parcel or legal boundary","representation_type":"derived_spatial_product","source_dataset_id":"spatial-dataset:copernicus-dem-glo30-2022-05-09","source_feature_id":"terrain-contour-00500-0003"},"type":"Feature"},{"geometry":{"coordinates":[[4.62067,45.23392],[4.6328,45.22993],[4.63415,45.22182],[4.64493,45.23111],[4.64394,45.22115],[4.63902,45.20881],[4.64628,45.20705],[4.64788,45.20121],[4.64341,45.19457],[4.63684,45.18999],[4.63653,45.18317],[4.64493,45.18071],[4.65706,45.18249],[4.66074,45.17937],[4.6584,45.17263],[4.65301,45.17087],[4.64891,45.16607],[4.64476,45.16607],[4.64336,45.17272],[4.64089,45.1731],[4.63391,45.16797],[4.63488,45.16322],[4.63011,45.15981],[4.62527,45.15942],[4.62067,45.15551]],"type":"LineString"},"id":"terrain-contour-00500-0004","properties":{"contour_class":"index","elevation_metres":500,"feature_type":"elevation_contour","representation_label":"Contour derived from the Copernicus DEM surface model; not a vineyard, parcel or legal boundary","representation_type":"derived_spatial_product","source_dataset_id":"spatial-dataset:copernicus-dem-glo30-2022-05-09","source_feature_id":"terrain-contour-00500-0004"},"type":"Feature"},{"geometry":{"coordinates":[[4.62067,45.15036],[4.64089,45.15865],[4.65067,45.15847],[4.65706,45.15522],[4.66245,45.15608],[4.66285,45.15467],[4.65975,45.15459],[4.65298,45.14992],[4.6562,45.14707],[4.65358,45.14327],[4.66649,45.14361],[4.66516,45.13566],[4.65436,45.12651],[4.67457,45.13317],[4.68756,45.14232],[4.69613,45.14476],[4.70054,45.14232],[4.70171,45.13851],[4.69478,45.138],[4.69148,45.13376],[4.69369,45.12806],[4.70342,45.1233],[4.70287,45.11519],[4.71904,45.12186],[4.72281,45.11855],[4.72072,45.1157],[4.71975,45.10619],[4.72149,45.09953],[4.71365,45.10044],[4.70731,45.10904],[4.69883,45.11132],[4.69775,45.10714],[4.69345,45.10524],[4.69917,45.10048],[4.70029,45.09382],[4.69344,45.08736],[4.68367,45.08621],[4.68418,45.08145],[4.68266,45.08074],[4.67961,45.08145],[4.67188,45.08855],[4.67053,45.084],[4.66514,45.08545],[4.66093,45.08241],[4.65975,45.0794],[4.65301,45.07902],[4.65117,45.0805],[4.65369,45.08621],[4.65032,45.08616],[4.64089,45.08219],[4.63415,45.08972],[4.63191,45.08811],[4.63024,45.0805],[4.62472,45.07857],[4.62067,45.08012]],"type":"LineString"},"id":"terrain-contour-00500-0005","properties":{"contour_class":"index","elevation_metres":500,"feature_type":"elevation_contour","representation_label":"Contour derived from the Copernicus DEM surface model; not a vineyard, parcel or legal boundary","representation_type":"derived_spatial_product","source_dataset_id":"spatial-dataset:copernicus-dem-glo30-2022-05-09","source_feature_id":"terrain-contour-00500-0005"},"type":"Feature"},{"geometry":{"coordinates":[[4.62067,45.07519],[4.63233,45.07194],[4.62917,45.06813],[4.62876,45.06309],[4.63971,45.06813],[4.64358,45.07168],[4.64762,45.07261],[4.65436,45.07171],[4.65802,45.06623],[4.65494,45.06337],[4.65445,45.05862],[4.65791,45.051],[4.65571,45.04902],[4.65032,45.04876],[4.6423,45.04434],[4.64438,45.04148],[4.6434,45.03958],[4.63954,45.03794],[4.6328,45.03821],[4.63135,45.03577],[4.62741,45.03456],[4.62337,45.03565],[4.62067,45.03864]],"type":"LineString"},"id":"terrain-contour-00500-0006","properties":{"contour_class":"index","elevation_metres":500,"feature_type":"elevation_contour","representation_label":"Contour derived from the Copernicus DEM surface model; not a vineyard, parcel or legal boundary","representation_type":"derived_spatial_product","source_dataset_id":"spatial-dataset:copernicus-dem-glo30-2022-05-09","source_feature_id":"terrain-contour-00500-0006"},"type":"Feature"},{"geometry":{"coordinates":[[4.7817,45.03577],[4.78507,45.03517],[4.78527,45.03291],[4.77968,45.03021],[4.77883,45.03386],[4.7817,45.03577]],"type":"LineString"},"id":"terrain-contour-00500-0007","properties":{"contour_class":"index","elevation_metres":500,"feature_type":"elevation_contour","representation_label":"Contour derived from the Copernicus DEM surface model; not a vineyard, parcel or legal boundary","representation_type":"derived_spatial_product","source_dataset_id":"spatial-dataset:copernicus-dem-glo30-2022-05-09","source_feature_id":"terrain-contour-00500-0007"},"type":"Feature"},{"geometry":{"coordinates":[[4.78881,45.01291],[4.7927,45.01005],[4.79149,45.00052],[4.78911,44.9983],[4.78372,45.00719],[4.78881,45.01291]],"type":"LineString"},"id":"terrain-contour-00500-0008","properties":{"contour_class":"index","elevation_metres":500,"feature_type":"elevation_contour","representation_label":"Contour derived from the Copernicus DEM surface model; not a vineyard, parcel or legal boundary","representation_type":"derived_spatial_product","source_dataset_id":"spatial-dataset:copernicus-dem-glo30-2022-05-09","source_feature_id":"terrain-contour-00500-0008"},"type":"Feature"},{"geometry":{"coordinates":[[4.62067,44.99791],[4.62472,45.00076],[4.63183,45.00148],[4.63239,45.00719],[4.63954,45.01154],[4.656,45.01291],[4.6611,45.0167],[4.66649,45.01262],[4.66918,45.01761],[4.67862,45.02423],[4.68535,45.02087],[4.69074,45.02116],[4.69613,45.02553],[4.70287,45.02708],[4.70691,45.03223],[4.71769,45.03583],[4.72173,45.03032],[4.72712,45.03295],[4.73193,45.03291],[4.73299,45.03196],[4.72982,45.02783],[4.71634,45.02477],[4.70328,45.01672],[4.70464,45.01005],[4.69966,45.00815],[4.68805,44.99544],[4.684,44.9948],[4.68266,44.99165],[4.67592,44.99092],[4.67694,44.98623],[4.67255,44.98147],[4.684,44.98575],[4.69074,44.98621],[4.70422,44.99655],[4.70961,44.99628],[4.7123,44.99468],[4.71904,45.00028],[4.72712,45.00235],[4.73212,45.00148],[4.73847,44.99767],[4.73932,44.991],[4.73656,44.9897],[4.73047,44.99195],[4.72729,44.991],[4.73117,44.98369],[4.72143,44.97956],[4.72598,44.97575],[4.72217,44.96907],[4.72308,44.96783],[4.72847,44.96853],[4.73251,44.9658],[4.73566,44.97193],[4.7406,44.97288],[4.74341,44.96431],[4.74651,44.96145],[4.74641,44.95286],[4.7442,44.95],[4.74734,44.94785],[4.75831,44.95477],[4.76081,44.9583],[4.76485,44.95816],[4.77429,44.95383],[4.77659,44.95573],[4.77772,44.96431],[4.76755,44.96225],[4.76217,44.96621],[4.76351,44.96932],[4.75655,44.97003],[4.7567,44.9767],[4.76459,44.98337],[4.7662,44.98875],[4.7689,44.99005],[4.77429,44.98844],[4.77833,44.99271],[4.78237,44.98936],[4.78776,44.99162],[4.79315,44.98893],[4.80258,44.9929],[4.80518,44.99195],[4.80579,44.98718],[4.80938,44.98528],[4.81004,44.98051],[4.80427,44.97193],[4.81201,44.96801],[4.81345,44.96431],[4.80726,44.96049],[4.80804,44.95763],[4.80528,44.95136],[4.79989,44.95218],[4.79066,44.94333],[4.79719,44.94081],[4.79835,44.93761],[4.79585,44.93677],[4.78776,44.93818],[4.78372,44.94304],[4.7794,44.94333],[4.77821,44.93856],[4.77159,44.93603],[4.76755,44.93691],[4.7642,44.9357],[4.76729,44.92902],[4.7657,44.92807],[4.75677,44.93018],[4.75542,44.92737],[4.74815,44.92616],[4.75307,44.92234],[4.74719,44.91852],[4.75781,44.91471],[4.75812,44.91143],[4.75273,44.91054],[4.75003,44.9081],[4.7379,44.9147],[4.73479,44.9128],[4.73599,44.90994],[4.74022,44.90707],[4.73636,44.90421],[4.73656,44.90267],[4.74599,44.90317],[4.76351,44.89853],[4.77055,44.89944],[4.76987,44.89467],[4.76755,44.89269],[4.76351,44.89652],[4.75677,44.8963],[4.75273,44.89817],[4.73553,44.89658],[4.7379,44.89249],[4.74329,44.89426],[4.75003,44.89405],[4.75957,44.88894],[4.76161,44.88512],[4.75435,44.88321],[4.75817,44.88035],[4.75743,44.87844],[4.74868,44.87755],[4.75129,44.87462],[4.74868,44.8732],[4.7406,44.87777],[4.74264,44.87175],[4.73786,44.86889],[4.7406,44.86747],[4.74734,44.86732],[4.74868,44.86339],[4.75851,44.86507],[4.75663,44.86029]],"type":"LineString"},"id":"terrain-contour-00500-0009","properties":{"contour_class":"index","elevation_metres":500,"feature_type":"elevation_contour","representation_label":"Contour derived from the Copernicus DEM surface model; not a vineyard, parcel or legal boundary","representation_type":"derived_spatial_product","source_dataset_id":"spatial-dataset:copernicus-dem-glo30-2022-05-09","source_feature_id":"terrain-contour-00500-0009"},"type":"Feature"},{"geometry":{"coordinates":[[4.78377,44.87653],[4.78728,44.87557],[4.78803,44.87271],[4.79192,44.86984],[4.79104,44.86793],[4.78641,44.86791],[4.78247,44.8708],[4.78102,44.87462],[4.78377,44.87653]],"type":"LineString"},"id":"terrain-contour-00500-0010","properties":{"contour_class":"index","elevation_metres":500,"feature_type":"elevation_contour","representation_label":"Contour derived from the Copernicus DEM surface model; not a vineyard, parcel or legal boundary","representation_type":"derived_spatial_product","source_dataset_id":"spatial-dataset:copernicus-dem-glo30-2022-05-09","source_feature_id":"terrain-contour-00500-0010"},"type":"Feature"},{"geometry":{"coordinates":[[4.65932,44.86029],[4.66022,44.86698],[4.66649,44.8695],[4.67819,44.88416],[4.67592,44.88514],[4.67353,44.8813],[4.66046,44.87462],[4.65301,44.87398],[4.64762,44.87609],[4.64879,44.88226],[4.64462,44.88512],[4.63819,44.88553],[4.63415,44.88425],[4.62876,44.89019],[4.62337,44.89334],[4.62529,44.88321],[4.6296,44.87939],[4.64609,44.87175],[4.64582,44.86793],[4.65051,44.86316],[4.64674,44.86029]],"type":"LineString"},"id":"terrain-contour-00500-0011","properties":{"contour_class":"index","elevation_metres":500,"feature_type":"elevation_contour","representation_label":"Contour derived from the Copernicus DEM surface model; not a vineyard, parcel or legal boundary","representation_type":"derived_spatial_product","source_dataset_id":"spatial-dataset:copernicus-dem-glo30-2022-05-09","source_feature_id":"terrain-contour-00500-0011"},"type":"Feature"},{"geometry":{"coordinates":[[4.65377,45.50139],[4.65817,45.49762],[4.65436,45.49507],[4.64628,45.49427],[4.64376,45.49667],[4.65377,45.50139]],"type":"LineString"},"id":"terrain-contour-00600-0000","properties":{"contour_class":"intermediate","elevation_metres":600,"feature_type":"elevation_contour","representation_label":"Contour derived from the Copernicus DEM surface model; not a vineyard, parcel or legal boundary","representation_type":"derived_spatial_product","source_dataset_id":"spatial-dataset:copernicus-dem-glo30-2022-05-09","source_feature_id":"terrain-contour-00600-0000"},"type":"Feature"},{"geometry":{"coordinates":[[4.62067,45.4764],[4.62466,45.47022],[4.62218,45.4636],[4.62337,45.46208],[4.6328,45.46346],[4.63954,45.46745],[4.64358,45.4633],[4.65032,45.46763],[4.6584,45.46143],[4.6611,45.46527],[4.66918,45.46521],[4.67165,45.46644],[4.66037,45.47967],[4.6611,45.48117],[4.66379,45.48151],[4.67727,45.47531],[4.6867,45.47586],[4.69377,45.47967],[4.67457,45.48791],[4.67309,45.491],[4.67457,45.49279],[4.68939,45.49661],[4.69613,45.49293],[4.70961,45.49343],[4.71521,45.48817],[4.71565,45.48345],[4.71317,45.47967],[4.70079,45.47589],[4.70294,45.47305],[4.70017,45.46759],[4.69344,45.46394],[4.68387,45.4636],[4.68524,45.45793],[4.68278,45.44848],[4.67323,45.44479],[4.66918,45.44105],[4.64799,45.44092],[4.65003,45.43524],[4.65799,45.42673],[4.65637,45.4239],[4.64741,45.42011],[4.65222,45.41728],[4.65571,45.41199],[4.65421,45.40876],[4.6611,45.40556],[4.66784,45.40468],[4.67225,45.40119],[4.67121,45.3993],[4.66135,45.39552],[4.66226,45.39173],[4.65733,45.38605],[4.6584,45.38439],[4.66906,45.38132],[4.66962,45.3747],[4.66245,45.37027],[4.65571,45.36955],[4.65095,45.36712],[4.64776,45.3605],[4.65238,45.35671],[4.64358,45.35289],[4.63612,45.3444],[4.63835,45.33493],[4.63145,45.32914],[4.62606,45.33145],[4.62067,45.32319]],"type":"LineString"},"id":"terrain-contour-00600-0001","properties":{"contour_class":"intermediate","elevation_metres":600,"feature_type":"elevation_contour","representation_label":"Contour derived from the Copernicus DEM surface model; not a vineyard, parcel or legal boundary","representation_type":"derived_spatial_product","source_dataset_id":"spatial-dataset:copernicus-dem-glo30-2022-05-09","source_feature_id":"terrain-contour-00600-0001"},"type":"Feature"},{"geometry":{"coordinates":[[4.69003,45.3264],[4.69059,45.32167],[4.68222,45.31029],[4.69209,45.30833],[4.70152,45.31027],[4.70859,45.30366],[4.70634,45.29987],[4.70606,45.29323],[4.70017,45.29333],[4.69345,45.29987],[4.69222,45.30366],[4.68535,45.30557],[4.6779,45.29513],[4.6805,45.29039],[4.67946,45.28849],[4.66649,45.28335],[4.66481,45.28849],[4.66947,45.29229],[4.67006,45.29703],[4.676,45.30271],[4.67749,45.3065],[4.66683,45.30461],[4.6584,45.29984],[4.66081,45.30461],[4.65529,45.3065],[4.6536,45.31219],[4.64571,45.31598],[4.64582,45.32356],[4.65436,45.32582],[4.66514,45.3195],[4.69003,45.3264]],"type":"LineString"},"id":"terrain-contour-00600-0002","properties":{"contour_class":"intermediate","elevation_metres":600,"feature_type":"elevation_contour","representation_label":"Contour derived from the Copernicus DEM surface model; not a vineyard, parcel or legal boundary","representation_type":"derived_spatial_product","source_dataset_id":"spatial-dataset:copernicus-dem-glo30-2022-05-09","source_feature_id":"terrain-contour-00600-0002"},"type":"Feature"},{"geometry":{"coordinates":[[4.62067,45.31624],[4.6292,45.31408],[4.63357,45.30556],[4.63145,45.30465],[4.62606,45.30689],[4.62067,45.30379]],"type":"LineString"},"id":"terrain-contour-00600-0003","properties":{"contour_class":"intermediate","elevation_metres":600,"feature_type":"elevation_contour","representation_label":"Contour derived from the Copernicus DEM surface model; not a vineyard, parcel or legal boundary","representation_type":"derived_spatial_product","source_dataset_id":"spatial-dataset:copernicus-dem-glo30-2022-05-09","source_feature_id":"terrain-contour-00600-0003"},"type":"Feature"},{"geometry":{"coordinates":[[4.65137,45.30556],[4.65363,45.30556],[4.65382,45.30366],[4.64897,45.298],[4.64679,45.30177],[4.65137,45.30556]],"type":"LineString"},"id":"terrain-contour-00600-0004","properties":{"contour_class":"intermediate","elevation_metres":600,"feature_type":"elevation_contour","representation_label":"Contour derived from the Copernicus DEM surface model; not a vineyard, parcel or legal boundary","representation_type":"derived_spatial_product","source_dataset_id":"spatial-dataset:copernicus-dem-glo30-2022-05-09","source_feature_id":"terrain-contour-00600-0004"},"type":"Feature"},{"geometry":{"coordinates":[[4.62067,45.2732],[4.62606,45.27382],[4.63023,45.27238],[4.62587,45.26384],[4.6268,45.26005],[4.63188,45.2572],[4.62741,45.25497],[4.62067,45.25867]],"type":"LineString"},"id":"terrain-contour-00600-0005","properties":{"contour_class":"intermediate","elevation_metres":600,"feature_type":"elevation_contour","representation_label":"Contour derived from the Copernicus DEM surface model; not a vineyard, parcel or legal boundary","representation_type":"derived_spatial_product","source_dataset_id":"spatial-dataset:copernicus-dem-glo30-2022-05-09","source_feature_id":"terrain-contour-00600-0005"},"type":"Feature"},{"geometry":{"coordinates":[[4.64136,45.2572],[4.65167,45.25726],[4.65191,45.25531],[4.64628,45.25153],[4.64223,45.25391],[4.63401,45.25246],[4.63449,45.25436],[4.64136,45.2572]],"type":"LineString"},"id":"terrain-contour-00600-0006","properties":{"contour_class":"intermediate","elevation_metres":600,"feature_type":"elevation_contour","representation_label":"Contour derived from the Copernicus DEM surface model; not a vineyard, parcel or legal boundary","representation_type":"derived_spatial_product","source_dataset_id":"spatial-dataset:copernicus-dem-glo30-2022-05-09","source_feature_id":"terrain-contour-00600-0006"},"type":"Feature"},{"geometry":{"coordinates":[[4.62067,45.22364],[4.62606,45.22589],[4.62604,45.2126],[4.63184,45.21355],[4.62699,45.20976],[4.62872,45.20406],[4.62331,45.20026],[4.62472,45.19675],[4.63011,45.19748],[4.63873,45.20311],[4.6426,45.20216],[4.63943,45.19551],[4.63161,45.19362],[4.6317,45.18697],[4.62876,45.1817],[4.62606,45.18],[4.62067,45.18]],"type":"LineString"},"id":"terrain-contour-00600-0007","properties":{"contour_class":"intermediate","elevation_metres":600,"feature_type":"elevation_contour","representation_label":"Contour derived from the Copernicus DEM surface model; not a vineyard, parcel or legal boundary","representation_type":"derived_spatial_product","source_dataset_id":"spatial-dataset:copernicus-dem-glo30-2022-05-09","source_feature_id":"terrain-contour-00600-0007"},"type":"Feature"},{"geometry":{"coordinates":[[4.62067,45.14714],[4.62741,45.14926],[4.6363,45.14897],[4.6368,45.14612],[4.64358,45.13955],[4.64223,45.13576],[4.63262,45.12996],[4.63415,45.12853],[4.63819,45.12965],[4.64223,45.12866],[4.64493,45.12638],[4.64089,45.11927],[4.65992,45.12235],[4.66649,45.12585],[4.67053,45.12563],[4.67323,45.1283],[4.6786,45.12901],[4.68266,45.13262],[4.68805,45.1233],[4.69602,45.12045],[4.6867,45.11603],[4.68266,45.11226],[4.67323,45.11111],[4.67457,45.10124],[4.66379,45.09945],[4.65436,45.10169],[4.65338,45.09097],[4.64929,45.08907],[4.64358,45.08807],[4.64292,45.09668],[4.63011,45.10061],[4.62606,45.10037],[4.62067,45.10567]],"type":"LineString"},"id":"terrain-contour-00600-0008","properties":{"contour_class":"intermediate","elevation_metres":600,"feature_type":"elevation_contour","representation_label":"Contour derived from the Copernicus DEM surface model; not a vineyard, parcel or legal boundary","representation_type":"derived_spatial_product","source_dataset_id":"spatial-dataset:copernicus-dem-glo30-2022-05-09","source_feature_id":"terrain-contour-00600-0008"},"type":"Feature"},{"geometry":{"coordinates":[[4.62067,45.10075],[4.62739,45.09097],[4.62067,45.08591]],"type":"LineString"},"id":"terrain-contour-00600-0009","properties":{"contour_class":"intermediate","elevation_metres":600,"feature_type":"elevation_contour","representation_label":"Contour derived from the Copernicus DEM surface model; not a vineyard, parcel or legal boundary","representation_type":"derived_spatial_product","source_dataset_id":"spatial-dataset:copernicus-dem-glo30-2022-05-09","source_feature_id":"terrain-contour-00600-0009"},"type":"Feature"},{"geometry":{"coordinates":[[4.68041,45.09953],[4.68716,45.09858],[4.68939,45.0918],[4.684,45.09172],[4.67996,45.0898],[4.67779,45.09097],[4.67573,45.09382],[4.68041,45.09953]],"type":"LineString"},"id":"terrain-contour-00600-0010","properties":{"contour_class":"intermediate","elevation_metres":600,"feature_type":"elevation_contour","representation_label":"Contour derived from the Copernicus DEM surface model; not a vineyard, parcel or legal boundary","representation_type":"derived_spatial_product","source_dataset_id":"spatial-dataset:copernicus-dem-glo30-2022-05-09","source_feature_id":"terrain-contour-00600-0010"},"type":"Feature"},{"geometry":{"coordinates":[[4.62067,45.05627],[4.62606,45.05614],[4.63954,45.06458],[4.64493,45.06518],[4.64456,45.06052],[4.64089,45.0567],[4.64008,45.0529],[4.64493,45.0519],[4.64511,45.0491],[4.64223,45.04784],[4.6355,45.04898],[4.63355,45.04814],[4.63695,45.04338],[4.6355,45.04178],[4.62876,45.04487],[4.62067,45.04343]],"type":"LineString"},"id":"terrain-contour-00600-0011","properties":{"contour_class":"intermediate","elevation_metres":600,"feature_type":"elevation_contour","representation_label":"Contour derived from the Copernicus DEM surface model; not a vineyard, parcel or legal boundary","representation_type":"derived_spatial_product","source_dataset_id":"spatial-dataset:copernicus-dem-glo30-2022-05-09","source_feature_id":"terrain-contour-00600-0011"},"type":"Feature"},{"geometry":{"coordinates":[[4.62067,44.99306],[4.62594,44.99385],[4.63011,44.99771],[4.63626,44.99862],[4.63852,45.00815],[4.64223,45.00899],[4.64628,45.00789],[4.65032,45.01006],[4.6611,45.01065],[4.66379,45.00771],[4.66649,45.00746],[4.67862,45.0176],[4.68858,45.01386],[4.68421,45.011],[4.68711,45.00434],[4.68266,45.00129],[4.67573,45.00148],[4.67188,44.996],[4.66514,44.99716],[4.65492,44.99004],[4.66984,44.98528],[4.6611,44.98239],[4.65706,44.97868],[4.65171,44.9767],[4.65338,44.97193],[4.65706,44.97144],[4.66379,44.97407],[4.67323,44.97526],[4.67862,44.97867],[4.68282,44.97575],[4.684,44.97128],[4.68535,44.97169],[4.68805,44.97693],[4.69823,44.98432],[4.70017,44.98944],[4.70287,44.99053],[4.70974,44.99004],[4.70554,44.98432],[4.71117,44.97765],[4.7043,44.97289],[4.70915,44.96717],[4.70082,44.96145],[4.70152,44.96034],[4.70691,44.96103],[4.70909,44.95954],[4.71043,44.95668],[4.70873,44.95286],[4.71904,44.95502],[4.72322,44.95096],[4.72039,44.94863],[4.715,44.94858],[4.71536,44.94142],[4.7075,44.94047],[4.70967,44.93761],[4.70117,44.93284],[4.70287,44.93028],[4.70826,44.93076],[4.71065,44.9233],[4.70043,44.91089],[4.70826,44.91185],[4.71538,44.91757],[4.71634,44.92124],[4.72039,44.92163],[4.73251,44.92704],[4.73925,44.92653],[4.74252,44.92139],[4.7406,44.91787],[4.7333,44.91948],[4.72612,44.9128],[4.72601,44.91089],[4.73016,44.90994],[4.73317,44.90707],[4.73259,44.90517],[4.72712,44.90465],[4.72578,44.90271],[4.71985,44.90135],[4.72308,44.89615],[4.72738,44.89467],[4.72664,44.8918],[4.72847,44.88921],[4.73465,44.88607],[4.73117,44.88479],[4.72578,44.88618],[4.72328,44.88512],[4.72356,44.8813],[4.7285,44.87748],[4.72039,44.87614],[4.72932,44.86793],[4.73002,44.86507],[4.72712,44.86368],[4.72443,44.86768],[4.71904,44.86887],[4.715,44.8717],[4.71178,44.86602],[4.71504,44.86029]],"type":"LineString"},"id":"terrain-contour-00600-0012","properties":{"contour_class":"intermediate","elevation_metres":600,"feature_type":"elevation_contour","representation_label":"Contour derived from the Copernicus DEM surface model; not a vineyard, parcel or legal boundary","representation_type":"derived_spatial_product","source_dataset_id":"spatial-dataset:copernicus-dem-glo30-2022-05-09","source_feature_id":"terrain-contour-00600-0012"},"type":"Feature"},{"geometry":{"coordinates":[[4.79675,44.98432],[4.79854,44.98514],[4.80078,44.98337],[4.79854,44.97579],[4.7945,44.97825],[4.78993,44.97765],[4.79675,44.98432]],"type":"LineString"},"id":"terrain-contour-00600-0013","properties":{"contour_class":"intermediate","elevation_metres":600,"feature_type":"elevation_contour","representation_label":"Contour derived from the Copernicus DEM surface model; not a vineyard, parcel or legal boundary","representation_type":"derived_spatial_product","source_dataset_id":"spatial-dataset:copernicus-dem-glo30-2022-05-09","source_feature_id":"terrain-contour-00600-0013"},"type":"Feature"},{"geometry":{"coordinates":[[4.78231,44.98337],[4.78384,44.98242],[4.78066,44.97384],[4.77429,44.97178],[4.78231,44.98337]],"type":"LineString"},"id":"terrain-contour-00600-0014","properties":{"contour_class":"intermediate","elevation_metres":600,"feature_type":"elevation_contour","representation_label":"Contour derived from the Copernicus DEM surface model; not a vineyard, parcel or legal boundary","representation_type":"derived_spatial_product","source_dataset_id":"spatial-dataset:copernicus-dem-glo30-2022-05-09","source_feature_id":"terrain-contour-00600-0014"},"type":"Feature"},{"geometry":{"coordinates":[[4.79602,44.97193],[4.79719,44.97273],[4.79955,44.96812],[4.80378,44.96526],[4.80124,44.95808],[4.79585,44.95712],[4.79315,44.95235],[4.79046,44.95129],[4.78903,44.95191],[4.78922,44.95954],[4.79602,44.97193]],"type":"LineString"},"id":"terrain-contour-00600-0015","properties":{"contour_class":"intermediate","elevation_metres":600,"feature_type":"elevation_contour","representation_label":"Contour derived from the Copernicus DEM surface model; not a vineyard, parcel or legal boundary","representation_type":"derived_spatial_product","source_dataset_id":"spatial-dataset:copernicus-dem-glo30-2022-05-09","source_feature_id":"terrain-contour-00600-0015"},"type":"Feature"},{"geometry":{"coordinates":[[4.72476,44.96145],[4.73229,44.95954],[4.73206,44.95859],[4.72235,44.95573],[4.72476,44.96145]],"type":"LineString"},"id":"terrain-contour-00600-0016","properties":{"contour_class":"intermediate","elevation_metres":600,"feature_type":"elevation_contour","representation_label":"Contour derived from the Copernicus DEM surface model; not a vineyard, parcel or legal boundary","representation_type":"derived_spatial_product","source_dataset_id":"spatial-dataset:copernicus-dem-glo30-2022-05-09","source_feature_id":"terrain-contour-00600-0016"},"type":"Feature"},{"geometry":{"coordinates":[[4.62067,44.96013],[4.62606,44.95721],[4.63011,44.96142],[4.63965,44.96049],[4.64501,44.96335],[4.63889,44.96431],[4.63927,44.96717],[4.62858,44.96717],[4.62161,44.97575],[4.62894,44.97861],[4.63015,44.98051],[4.62067,44.98396]],"type":"LineString"},"id":"terrain-contour-00600-0017","properties":{"contour_class":"intermediate","elevation_metres":600,"feature_type":"elevation_contour","representation_label":"Contour derived from the Copernicus DEM surface model; not a vineyard, parcel or legal boundary","representation_type":"derived_spatial_product","source_dataset_id":"spatial-dataset:copernicus-dem-glo30-2022-05-09","source_feature_id":"terrain-contour-00600-0017"},"type":"Feature"},{"geometry":{"coordinates":[[4.75039,44.94047],[4.75407,44.94067],[4.75578,44.93856],[4.75277,44.93188],[4.74195,44.92851],[4.74182,44.93188],[4.75039,44.94047]],"type":"LineString"},"id":"terrain-contour-00600-0018","properties":{"contour_class":"intermediate","elevation_metres":600,"feature_type":"elevation_contour","representation_label":"Contour derived from the Copernicus DEM surface model; not a vineyard, parcel or legal boundary","representation_type":"derived_spatial_product","source_dataset_id":"spatial-dataset:copernicus-dem-glo30-2022-05-09","source_feature_id":"terrain-contour-00600-0018"},"type":"Feature"},{"geometry":{"coordinates":[[4.74244,44.88894],[4.74329,44.88639],[4.7379,44.88389],[4.73682,44.88607],[4.74244,44.88894]],"type":"LineString"},"id":"terrain-contour-00600-0019","properties":{"contour_class":"intermediate","elevation_metres":600,"feature_type":"elevation_contour","representation_label":"Contour derived from the Copernicus DEM surface model; not a vineyard, parcel or legal boundary","representation_type":"derived_spatial_product","source_dataset_id":"spatial-dataset:copernicus-dem-glo30-2022-05-09","source_feature_id":"terrain-contour-00600-0019"},"type":"Feature"},{"geometry":{"coordinates":[[4.66097,44.88607],[4.66617,44.88607],[4.66432,44.88226],[4.65436,44.8777],[4.65571,44.88358],[4.66097,44.88607]],"type":"LineString"},"id":"terrain-contour-00600-0020","properties":{"contour_class":"intermediate","elevation_metres":600,"feature_type":"elevation_contour","representation_label":"Contour derived from the Copernicus DEM surface model; not a vineyard, parcel or legal boundary","representation_type":"derived_spatial_product","source_dataset_id":"spatial-dataset:copernicus-dem-glo30-2022-05-09","source_feature_id":"terrain-contour-00600-0020"},"type":"Feature"},{"geometry":{"coordinates":[[4.62067,44.87173],[4.62741,44.87517],[4.63011,44.87344],[4.63611,44.87271],[4.63697,44.86793],[4.63583,44.86602],[4.63086,44.86507],[4.63011,44.86151],[4.62067,44.86424]],"type":"LineString"},"id":"terrain-contour-00600-0021","properties":{"contour_class":"intermediate","elevation_metres":600,"feature_type":"elevation_contour","representation_label":"Contour derived from the Copernicus DEM surface model; not a vineyard, parcel or legal boundary","representation_type":"derived_spatial_product","source_dataset_id":"spatial-dataset:copernicus-dem-glo30-2022-05-09","source_feature_id":"terrain-contour-00600-0021"},"type":"Feature"},{"geometry":{"coordinates":[[4.6641,44.86029],[4.66439,44.86411],[4.67053,44.86262],[4.67188,44.86519],[4.67727,44.8669],[4.68032,44.87175],[4.68722,44.87653],[4.683,44.87939],[4.68292,44.8813],[4.68805,44.882],[4.69574,44.88035],[4.69753,44.88512],[4.69209,44.88545],[4.68805,44.89155],[4.67996,44.88906],[4.67783,44.8918],[4.67977,44.89658],[4.67592,44.89885],[4.67558,44.9023],[4.66784,44.90367],[4.66379,44.90759],[4.65427,44.90994],[4.64897,44.91603],[4.6355,44.9231],[4.63112,44.9233],[4.63219,44.91948],[4.62741,44.9175],[4.63132,44.9128],[4.62983,44.90898],[4.62876,44.90823],[4.62472,44.91073],[4.62067,44.9102]],"type":"LineString"},"id":"terrain-contour-00600-0022","properties":{"contour_class":"intermediate","elevation_metres":600,"feature_type":"elevation_contour","representation_label":"Contour derived from the Copernicus DEM surface model; not a vineyard, parcel or legal boundary","representation_type":"derived_spatial_product","source_dataset_id":"spatial-dataset:copernicus-dem-glo30-2022-05-09","source_feature_id":"terrain-contour-00600-0022"},"type":"Feature"},{"geometry":{"coordinates":[[4.71138,44.86029],[4.70997,44.86316],[4.70556,44.86582],[4.70152,44.86334],[4.69469,44.86316],[4.69427,44.86029]],"type":"LineString"},"id":"terrain-contour-00600-0023","properties":{"contour_class":"intermediate","elevation_metres":600,"feature_type":"elevation_contour","representation_label":"Contour derived from the Copernicus DEM surface model; not a vineyard, parcel or legal boundary","representation_type":"derived_spatial_product","source_dataset_id":"spatial-dataset:copernicus-dem-glo30-2022-05-09","source_feature_id":"terrain-contour-00600-0023"},"type":"Feature"},{"geometry":{"coordinates":[[4.68747,45.49195],[4.69074,45.49211],[4.69726,45.48817],[4.68939,45.48683],[4.68535,45.48755],[4.68194,45.49006],[4.68747,45.49195]],"type":"LineString"},"id":"terrain-contour-00700-0000","properties":{"contour_class":"intermediate","elevation_metres":700,"feature_type":"elevation_contour","representation_label":"Contour derived from the Copernicus DEM surface model; not a vineyard, parcel or legal boundary","representation_type":"derived_spatial_product","source_dataset_id":"spatial-dataset:copernicus-dem-glo30-2022-05-09","source_feature_id":"terrain-contour-00700-0000"},"type":"Feature"},{"geometry":{"coordinates":[[4.70317,45.49006],[4.70826,45.49027],[4.71179,45.48439],[4.71112,45.48156],[4.70826,45.4797],[4.7037,45.48061],[4.70478,45.48534],[4.70086,45.48817],[4.70317,45.49006]],"type":"LineString"},"id":"terrain-contour-00700-0001","properties":{"contour_class":"intermediate","elevation_metres":700,"feature_type":"elevation_contour","representation_label":"Contour derived from the Copernicus DEM surface model; not a vineyard, parcel or legal boundary","representation_type":"derived_spatial_product","source_dataset_id":"spatial-dataset:copernicus-dem-glo30-2022-05-09","source_feature_id":"terrain-contour-00700-0001"},"type":"Feature"},{"geometry":{"coordinates":[[4.69181,45.47211],[4.69613,45.47281],[4.69802,45.47116],[4.69209,45.46647],[4.68131,45.46627],[4.67868,45.46738],[4.67862,45.47013],[4.69181,45.47211]],"type":"LineString"},"id":"terrain-contour-00700-0002","properties":{"contour_class":"intermediate","elevation_metres":700,"feature_type":"elevation_contour","representation_label":"Contour derived from the Copernicus DEM surface model; not a vineyard, parcel or legal boundary","representation_type":"derived_spatial_product","source_dataset_id":"spatial-dataset:copernicus-dem-glo30-2022-05-09","source_feature_id":"terrain-contour-00700-0002"},"type":"Feature"},{"geometry":{"coordinates":[[4.62067,45.45249],[4.62213,45.45793],[4.63011,45.45862],[4.6355,45.46147],[4.64089,45.4595],[4.64897,45.46109],[4.65706,45.45677],[4.66784,45.46212],[4.67862,45.46232],[4.68162,45.45888],[4.67874,45.45037],[4.66784,45.44493],[4.65436,45.44348],[4.64628,45.44516],[4.6406,45.44375],[4.65043,45.42673],[4.6473,45.4239],[4.63607,45.42295],[4.64089,45.41556],[4.64628,45.41591],[4.64809,45.41444],[4.64857,45.40971],[4.64173,45.40309],[4.65301,45.40496],[4.65952,45.40214],[4.6591,45.3993],[4.65224,45.39173],[4.65041,45.38227],[4.66263,45.38038],[4.66561,45.37754],[4.65301,45.3724],[4.64188,45.37186],[4.64346,45.36712],[4.63664,45.36428],[4.64038,45.3605],[4.63696,45.35671],[4.63832,45.35198],[4.6328,45.34613],[4.63145,45.34102],[4.62309,45.33872],[4.62067,45.33111]],"type":"LineString"},"id":"terrain-contour-00700-0003","properties":{"contour_class":"intermediate","elevation_metres":700,"feature_type":"elevation_contour","representation_label":"Contour derived from the Copernicus DEM surface model; not a vineyard, parcel or legal boundary","representation_type":"derived_spatial_product","source_dataset_id":"spatial-dataset:copernicus-dem-glo30-2022-05-09","source_feature_id":"terrain-contour-00700-0003"},"type":"Feature"},{"geometry":{"coordinates":[[4.67337,45.31882],[4.68268,45.31882],[4.68131,45.31586],[4.67053,45.3101],[4.66938,45.31219],[4.67114,45.31408],[4.66609,45.31598],[4.67337,45.31882]],"type":"LineString"},"id":"terrain-contour-00700-0004","properties":{"contour_class":"intermediate","elevation_metres":700,"feature_type":"elevation_contour","representation_label":"Contour derived from the Copernicus DEM surface model; not a vineyard, parcel or legal boundary","representation_type":"derived_spatial_product","source_dataset_id":"spatial-dataset:copernicus-dem-glo30-2022-05-09","source_feature_id":"terrain-contour-00700-0004"},"type":"Feature"},{"geometry":{"coordinates":[[4.62067,45.19251],[4.62625,45.19267],[4.62788,45.18792],[4.62587,45.18507],[4.62067,45.18416]],"type":"LineString"},"id":"terrain-contour-00700-0005","properties":{"contour_class":"intermediate","elevation_metres":700,"feature_type":"elevation_contour","representation_label":"Contour derived from the Copernicus DEM surface model; not a vineyard, parcel or legal boundary","representation_type":"derived_spatial_product","source_dataset_id":"spatial-dataset:copernicus-dem-glo30-2022-05-09","source_feature_id":"terrain-contour-00700-0005"},"type":"Feature"},{"geometry":{"coordinates":[[4.62067,45.14469],[4.62741,45.14561],[4.63671,45.14041],[4.62876,45.13191],[4.62378,45.12996],[4.63011,45.12257],[4.63415,45.12129],[4.63416,45.1176],[4.63145,45.11575],[4.62067,45.11383]],"type":"LineString"},"id":"terrain-contour-00700-0006","properties":{"contour_class":"intermediate","elevation_metres":700,"feature_type":"elevation_contour","representation_label":"Contour derived from the Copernicus DEM surface model; not a vineyard, parcel or legal boundary","representation_type":"derived_spatial_product","source_dataset_id":"spatial-dataset:copernicus-dem-glo30-2022-05-09","source_feature_id":"terrain-contour-00700-0006"},"type":"Feature"},{"geometry":{"coordinates":[[4.68025,45.1252],[4.68266,45.12528],[4.68584,45.12045],[4.68131,45.11494],[4.67862,45.11423],[4.67053,45.11677],[4.66379,45.11295],[4.66943,45.10619],[4.66784,45.10363],[4.66245,45.10372],[4.65436,45.10838],[4.65032,45.10516],[4.64493,45.10456],[4.64664,45.10143],[4.64493,45.10043],[4.62876,45.10372],[4.62671,45.10524],[4.62637,45.10809],[4.63415,45.11427],[4.66379,45.11925],[4.66784,45.12135],[4.67457,45.12212],[4.68025,45.1252]],"type":"LineString"},"id":"terrain-contour-00700-0007","properties":{"contour_class":"intermediate","elevation_metres":700,"feature_type":"elevation_contour","representation_label":"Contour derived from the Copernicus DEM surface model; not a vineyard, parcel or legal boundary","representation_type":"derived_spatial_product","source_dataset_id":"spatial-dataset:copernicus-dem-glo30-2022-05-09","source_feature_id":"terrain-contour-00700-0007"},"type":"Feature"},{"geometry":{"coordinates":[[4.62067,45.05294],[4.62606,45.05312],[4.63415,45.05782],[4.63684,45.05755],[4.6355,45.05274],[4.62472,45.04739],[4.62067,45.04687]],"type":"LineString"},"id":"terrain-contour-00700-0008","properties":{"contour_class":"intermediate","elevation_metres":700,"feature_type":"elevation_contour","representation_label":"Contour derived from the Copernicus DEM surface model; not a vineyard, parcel or legal boundary","representation_type":"derived_spatial_product","source_dataset_id":"spatial-dataset:copernicus-dem-glo30-2022-05-09","source_feature_id":"terrain-contour-00700-0008"},"type":"Feature"},{"geometry":{"coordinates":[[4.67663,45.011],[4.67862,45.01061],[4.68137,45.00624],[4.67996,45.0047],[4.67487,45.00719],[4.67663,45.011]],"type":"LineString"},"id":"terrain-contour-00700-0009","properties":{"contour_class":"intermediate","elevation_metres":700,"feature_type":"elevation_contour","representation_label":"Contour derived from the Copernicus DEM surface model; not a vineyard, parcel or legal boundary","representation_type":"derived_spatial_product","source_dataset_id":"spatial-dataset:copernicus-dem-glo30-2022-05-09","source_feature_id":"terrain-contour-00700-0009"},"type":"Feature"},{"geometry":{"coordinates":[[4.64991,45.00624],[4.6584,45.00655],[4.66439,45.00338],[4.6611,44.99941],[4.65259,44.99576],[4.6467,44.991],[4.64622,44.98623],[4.65436,44.98502],[4.65574,44.98242],[4.64628,44.97889],[4.64223,44.97388],[4.6328,44.97094],[4.63355,44.9767],[4.63814,44.97861],[4.64395,44.98432],[4.63954,44.98594],[4.62876,44.98427],[4.62096,44.98909],[4.62876,44.99136],[4.63284,44.99481],[4.63847,44.99576],[4.64117,45.00052],[4.64094,45.00529],[4.64628,45.00479],[4.64991,45.00624]],"type":"LineString"},"id":"terrain-contour-00700-0010","properties":{"contour_class":"intermediate","elevation_metres":700,"feature_type":"elevation_contour","representation_label":"Contour derived from the Copernicus DEM surface model; not a vineyard, parcel or legal boundary","representation_type":"derived_spatial_product","source_dataset_id":"spatial-dataset:copernicus-dem-glo30-2022-05-09","source_feature_id":"terrain-contour-00700-0010"},"type":"Feature"},{"geometry":{"coordinates":[[4.69654,44.97956],[4.70017,44.97968],[4.70124,44.97765],[4.69209,44.97206],[4.69204,44.97479],[4.69654,44.97956]],"type":"LineString"},"id":"terrain-contour-00700-0011","properties":{"contour_class":"intermediate","elevation_metres":700,"feature_type":"elevation_contour","representation_label":"Contour derived from the Copernicus DEM surface model; not a vineyard, parcel or legal boundary","representation_type":"derived_spatial_product","source_dataset_id":"spatial-dataset:copernicus-dem-glo30-2022-05-09","source_feature_id":"terrain-contour-00700-0011"},"type":"Feature"},{"geometry":{"coordinates":[[4.62067,44.95062],[4.62876,44.95082],[4.6312,44.95477],[4.63415,44.9559],[4.65029,44.95573],[4.65167,44.95058],[4.65706,44.95263],[4.66204,44.95191],[4.66514,44.95363],[4.67155,44.94714],[4.67188,44.93877],[4.67727,44.93649],[4.681,44.94047],[4.67618,44.94428],[4.67576,44.95477],[4.66649,44.96125],[4.6611,44.96074],[4.65603,44.9624],[4.6542,44.96526],[4.66379,44.97074],[4.67323,44.96992],[4.67727,44.97157],[4.67862,44.96365],[4.68535,44.96509],[4.69209,44.9706],[4.70121,44.96717],[4.69529,44.9624],[4.69855,44.95477],[4.69859,44.94714],[4.69496,44.93951],[4.69564,44.93665],[4.69244,44.93284],[4.6937,44.92616],[4.69076,44.92234],[4.69531,44.91757],[4.68805,44.91278],[4.684,44.91581],[4.68111,44.91566],[4.67727,44.90686],[4.67457,44.90633],[4.66918,44.90856],[4.66784,44.91267],[4.66514,44.91418],[4.65776,44.9128],[4.66058,44.91757],[4.64365,44.9233],[4.64098,44.92807],[4.63662,44.92997],[4.6355,44.93337],[4.63011,44.93197],[4.62067,44.93401]],"type":"LineString"},"id":"terrain-contour-00700-0012","properties":{"contour_class":"intermediate","elevation_metres":700,"feature_type":"elevation_contour","representation_label":"Contour derived from the Copernicus DEM surface model; not a vineyard, parcel or legal boundary","representation_type":"derived_spatial_product","source_dataset_id":"spatial-dataset:copernicus-dem-glo30-2022-05-09","source_feature_id":"terrain-contour-00700-0012"},"type":"Feature"},{"geometry":{"coordinates":[[4.71625,44.90803],[4.71984,44.90803],[4.71634,44.90473],[4.71546,44.90039],[4.72281,44.88989],[4.71843,44.88607],[4.71872,44.8813],[4.70826,44.86847],[4.70287,44.86899],[4.69909,44.86602],[4.69209,44.86493],[4.68939,44.86248],[4.6857,44.86507],[4.6867,44.87068],[4.69344,44.86948],[4.69613,44.87436],[4.70422,44.87408],[4.70584,44.87748],[4.70152,44.87991],[4.70152,44.88214],[4.70826,44.88322],[4.71292,44.88989],[4.70556,44.89445],[4.69613,44.88991],[4.69522,44.89658],[4.68961,44.89753],[4.69032,44.89944],[4.69344,44.90313],[4.69883,44.89998],[4.70422,44.90548],[4.71625,44.90803]],"type":"LineString"},"id":"terrain-contour-00700-0013","properties":{"contour_class":"intermediate","elevation_metres":700,"feature_type":"elevation_contour","representation_label":"Contour derived from the Copernicus DEM surface model; not a vineyard, parcel or legal boundary","representation_type":"derived_spatial_product","source_dataset_id":"spatial-dataset:copernicus-dem-glo30-2022-05-09","source_feature_id":"terrain-contour-00700-0013"},"type":"Feature"},{"geometry":{"coordinates":[[4.62067,45.44581],[4.62579,45.44753],[4.62811,45.4551],[4.6355,45.45794],[4.63954,45.45643],[4.64493,45.4567],[4.64762,45.4525],[4.65032,45.45173],[4.65975,45.45283],[4.67053,45.45943],[4.67592,45.45943],[4.67785,45.45793],[4.67457,45.45217],[4.66514,45.44744],[4.65436,45.44608],[4.64762,45.44787],[4.6342,45.4447],[4.6439,45.43052],[4.64317,45.42673],[4.6328,45.42538],[4.62715,45.42295],[4.63525,45.41822],[4.63429,45.4116],[4.64149,45.41065],[4.6391,45.40592],[4.63195,45.3993],[4.6328,45.39821],[4.64223,45.39929],[4.65167,45.40171],[4.65456,45.40025],[4.65157,45.39552],[4.64596,45.39173],[4.64793,45.38605],[4.6414,45.37943],[4.64223,45.37805],[4.65167,45.37871],[4.65636,45.37754],[4.6508,45.3747],[4.64089,45.37697],[4.63182,45.3747],[4.63448,45.37091],[4.63022,45.36334],[4.63395,45.3605],[4.6321,45.35576],[4.63437,45.35292],[4.62876,45.34745],[4.62337,45.34614],[4.62067,45.34212]],"type":"LineString"},"id":"terrain-contour-00800-0000","properties":{"contour_class":"intermediate","elevation_metres":800,"feature_type":"elevation_contour","representation_label":"Contour derived from the Copernicus DEM surface model; not a vineyard, parcel or legal boundary","representation_type":"derived_spatial_product","source_dataset_id":"spatial-dataset:copernicus-dem-glo30-2022-05-09","source_feature_id":"terrain-contour-00800-0000"},"type":"Feature"},{"geometry":{"coordinates":[[4.62067,45.43824],[4.62461,45.43903],[4.62996,45.44281],[4.62876,45.44428],[4.62067,45.44397]],"type":"LineString"},"id":"terrain-contour-00800-0001","properties":{"contour_class":"intermediate","elevation_metres":800,"feature_type":"elevation_contour","representation_label":"Contour derived from the Copernicus DEM surface model; not a vineyard, parcel or legal boundary","representation_type":"derived_spatial_product","source_dataset_id":"spatial-dataset:copernicus-dem-glo30-2022-05-09","source_feature_id":"terrain-contour-00800-0001"},"type":"Feature"},{"geometry":{"coordinates":[[4.62067,45.13914],[4.62472,45.14208],[4.63145,45.14101],[4.6324,45.13946],[4.62606,45.13373],[4.62067,45.13428]],"type":"LineString"},"id":"terrain-contour-00800-0002","properties":{"contour_class":"intermediate","elevation_metres":800,"feature_type":"elevation_contour","representation_label":"Contour derived from the Copernicus DEM surface model; not a vineyard, parcel or legal boundary","representation_type":"derived_spatial_product","source_dataset_id":"spatial-dataset:copernicus-dem-glo30-2022-05-09","source_feature_id":"terrain-contour-00800-0002"},"type":"Feature"},{"geometry":{"coordinates":[[4.62067,45.12744],[4.62446,45.1252],[4.62674,45.11855],[4.62337,45.1181],[4.62067,45.12106]],"type":"LineString"},"id":"terrain-contour-00800-0003","properties":{"contour_class":"intermediate","elevation_metres":800,"feature_type":"elevation_contour","representation_label":"Contour derived from the Copernicus DEM surface model; not a vineyard, parcel or legal boundary","representation_type":"derived_spatial_product","source_dataset_id":"spatial-dataset:copernicus-dem-glo30-2022-05-09","source_feature_id":"terrain-contour-00800-0003"},"type":"Feature"},{"geometry":{"coordinates":[[4.63753,45.11189],[4.64977,45.11189],[4.64628,45.10853],[4.63954,45.10659],[4.6328,45.10755],[4.63753,45.11189]],"type":"LineString"},"id":"terrain-contour-00800-0004","properties":{"contour_class":"intermediate","elevation_metres":800,"feature_type":"elevation_contour","representation_label":"Contour derived from the Copernicus DEM surface model; not a vineyard, parcel or legal boundary","representation_type":"derived_spatial_product","source_dataset_id":"spatial-dataset:copernicus-dem-glo30-2022-05-09","source_feature_id":"terrain-contour-00800-0004"},"type":"Feature"},{"geometry":{"coordinates":[[4.6506,45.00338],[4.65436,45.00417],[4.65856,45.00243],[4.64472,44.99576],[4.64612,45.00052],[4.6506,45.00338]],"type":"LineString"},"id":"terrain-contour-00800-0005","properties":{"contour_class":"intermediate","elevation_metres":800,"feature_type":"elevation_contour","representation_label":"Contour derived from the Copernicus DEM surface model; not a vineyard, parcel or legal boundary","representation_type":"derived_spatial_product","source_dataset_id":"spatial-dataset:copernicus-dem-glo30-2022-05-09","source_feature_id":"terrain-contour-00800-0005"},"type":"Feature"},{"geometry":{"coordinates":[[4.62067,44.94716],[4.63011,44.94606],[4.63263,44.94714],[4.6355,44.95244],[4.64136,44.95096],[4.63711,44.94333],[4.63819,44.94194],[4.64493,44.94407],[4.65203,44.93951],[4.65261,44.93761],[4.64991,44.9357],[4.65108,44.92616],[4.64762,44.92549],[4.64707,44.92997],[4.64223,44.9319],[4.63684,44.93792],[4.62876,44.93554],[4.62067,44.93877]],"type":"LineString"},"id":"terrain-contour-00800-0006","properties":{"contour_class":"intermediate","elevation_metres":800,"feature_type":"elevation_contour","representation_label":"Contour derived from the Copernicus DEM surface model; not a vineyard, parcel or legal boundary","representation_type":"derived_spatial_product","source_dataset_id":"spatial-dataset:copernicus-dem-glo30-2022-05-09","source_feature_id":"terrain-contour-00800-0006"},"type":"Feature"},{"geometry":{"coordinates":[[4.66472,44.9233],[4.66739,44.9233],[4.67223,44.91948],[4.67053,44.91572],[4.66471,44.92139],[4.66472,44.9233]],"type":"LineString"},"id":"terrain-contour-00800-0007","properties":{"contour_class":"intermediate","elevation_metres":800,"feature_type":"elevation_contour","representation_label":"Contour derived from the Copernicus DEM surface model; not a vineyard, parcel or legal boundary","representation_type":"derived_spatial_product","source_dataset_id":"spatial-dataset:copernicus-dem-glo30-2022-05-09","source_feature_id":"terrain-contour-00800-0007"},"type":"Feature"},{"geometry":{"coordinates":[[4.70783,44.90326],[4.71095,44.90277],[4.71154,44.90039],[4.70422,44.89835],[4.70421,44.90039],[4.70783,44.90326]],"type":"LineString"},"id":"terrain-contour-00800-0008","properties":{"contour_class":"intermediate","elevation_metres":800,"feature_type":"elevation_contour","representation_label":"Contour derived from the Copernicus DEM surface model; not a vineyard, parcel or legal boundary","representation_type":"derived_spatial_product","source_dataset_id":"spatial-dataset:copernicus-dem-glo30-2022-05-09","source_feature_id":"terrain-contour-00800-0008"},"type":"Feature"},{"geometry":{"coordinates":[[4.63506,45.45321],[4.64089,45.45282],[4.64346,45.45037],[4.63684,45.4486],[4.6328,45.45037],[4.63506,45.45321]],"type":"LineString"},"id":"terrain-contour-00900-0000","properties":{"contour_class":"intermediate","elevation_metres":900,"feature_type":"elevation_contour","representation_label":"Contour derived from the Copernicus DEM surface model; not a vineyard, parcel or legal boundary","representation_type":"derived_spatial_product","source_dataset_id":"spatial-dataset:copernicus-dem-glo30-2022-05-09","source_feature_id":"terrain-contour-00900-0000"},"type":"Feature"},{"geometry":{"coordinates":[[4.62067,45.43533],[4.6328,45.43749],[4.63984,45.43052],[4.63816,45.42862],[4.62472,45.42628],[4.62067,45.42434]],"type":"LineString"},"id":"terrain-contour-00900-0001","properties":{"contour_class":"intermediate","elevation_metres":900,"feature_type":"elevation_contour","representation_label":"Contour derived from the Copernicus DEM surface model; not a vineyard, parcel or legal boundary","representation_type":"derived_spatial_product","source_dataset_id":"spatial-dataset:copernicus-dem-glo30-2022-05-09","source_feature_id":"terrain-contour-00900-0001"},"type":"Feature"},{"geometry":{"coordinates":[[4.62067,45.42384],[4.63115,45.41538],[4.62753,45.40782],[4.63157,45.40498],[4.62579,45.39552],[4.6328,45.39458],[4.63954,45.39664],[4.64408,45.39552],[4.64126,45.39079],[4.64148,45.38511],[4.63684,45.37912],[4.6328,45.37813],[4.62876,45.37984],[4.62605,45.37943],[4.62779,45.36712],[4.62543,45.36239],[4.62787,45.3586],[4.62798,45.35292],[4.62067,45.35321]],"type":"LineString"},"id":"terrain-contour-00900-0002","properties":{"contour_class":"intermediate","elevation_metres":900,"feature_type":"elevation_contour","representation_label":"Contour derived from the Copernicus DEM surface model; not a vineyard, parcel or legal boundary","representation_type":"derived_spatial_product","source_dataset_id":"spatial-dataset:copernicus-dem-glo30-2022-05-09","source_feature_id":"terrain-contour-00900-0002"},"type":"Feature"},{"geometry":{"coordinates":[[4.62067,45.43151],[4.63011,45.43352],[4.63365,45.43146],[4.63048,45.42957],[4.62067,45.42858]],"type":"LineString"},"id":"terrain-contour-01000-0000","properties":{"contour_class":"index","elevation_metres":1000,"feature_type":"elevation_contour","representation_label":"Contour derived from the Copernicus DEM surface model; not a vineyard, parcel or legal boundary","representation_type":"derived_spatial_product","source_dataset_id":"spatial-dataset:copernicus-dem-glo30-2022-05-09","source_feature_id":"terrain-contour-01000-0000"},"type":"Feature"},{"geometry":{"coordinates":[[4.62067,45.41798],[4.62676,45.41349],[4.62263,45.40687],[4.62593,45.40309],[4.62092,45.39457],[4.62337,45.39292],[4.6355,45.3913],[4.63711,45.38889],[4.63415,45.38397],[4.62472,45.38371],[4.62151,45.38132],[4.62271,45.3747],[4.62067,45.37287]],"type":"LineString"},"id":"terrain-contour-01000-0001","properties":{"contour_class":"index","elevation_metres":1000,"feature_type":"elevation_contour","representation_label":"Contour derived from the Copernicus DEM surface model; not a vineyard, parcel or legal boundary","representation_type":"derived_spatial_product","source_dataset_id":"spatial-dataset:copernicus-dem-glo30-2022-05-09","source_feature_id":"terrain-contour-01000-0001"},"type":"Feature"},{"geometry":{"coordinates":[[4.62067,45.39079],[4.62876,45.39066],[4.63292,45.38795],[4.63011,45.3863],[4.62337,45.38667],[4.62067,45.38537]],"type":"LineString"},"id":"terrain-contour-01100-0000","properties":{"contour_class":"intermediate","elevation_metres":1100,"feature_type":"elevation_contour","representation_label":"Contour derived from the Copernicus DEM surface model; not a vineyard, parcel or legal boundary","representation_type":"derived_spatial_product","source_dataset_id":"spatial-dataset:copernicus-dem-glo30-2022-05-09","source_feature_id":"terrain-contour-01100-0000"},"type":"Feature"}],"type":"FeatureCollection"}
